yearly_agency_id,agency_id,data_year,ori,legacy_ori,covered_by_legacy_ori,direct_contributor_flag,dormant_flag,dormant_year,reporting_type,ucr_agency_name,ncic_agency_name,pub_agency_name,pub_agency_unit,agency_status,state_id,state_name,state_abbr,state_postal_abbr,division_code,division_name,region_code,region_name,region_desc,agency_type_name,population,submitting_agency_id,sai,submitting_agency_name,suburban_area_flag,population_group_id,population_group_code,population_group_desc,parent_pop_group_code,parent_pop_group_desc,mip_flag,pop_sort_order,summary_rape_def,pe_reported_flag,male_officer,male_civilian,male_officer+male_civilian,female_officer,female_civilian,female_officer+female_civilian,officer_rate,employee_rate,nibrs_cert_date,nibrs_start_date,nibrs_leoka_start_date,nibrs_ct_start_date,nibrs_multi_bias_start_date,nibrs_off_eth_start_date,covered_flag,county_name,msa_name,publishable_flag,participated,nibrs_participated
34692024,3469,2024,GA0010100,GA0010100,,N,N,,I,BAXLEY,BAXLEY PD,Baxley,,A,13,Georgia,GA,GA,5,South Atlantic,3,South,Region III,City,4934,23363,GAUCR0001,Georgia Bureau of Investigation Georgia Crime Information Center,N,10,6,"Cities from 2,500 thru 9,999",6,"Cities from 2,500 thru 9,999",N,10,,N,,,,,,,,,2018-01-01,2018-12-01,2018-12-01,2019-10-01,2019-10-01,2019-11-01,N,APPLING,Not Specified,Y,Y,Y
34712024,3471,2024,GA0020000,GA0020000,,N,N,,I,ATKINSON,ATKINSON CO SO PEARSON,Atkinson,,A,13,Georgia,GA,GA,5,South Atlantic,3,South,Region III,County,5257,23363,GAUCR0001,Georgia Bureau of Investigation Georgia Crime Information Center,N,16,8D,"Non-MSA counties under 10,000",8,Non-MSA Counties,N,16,,Y,12,7,19,0,13,13,2.3,6.1,2018-01-01,2019-10-01,2019-10-01,2020-02-01,2020-02-01,2020-02-01,N,ATKINSON,Not Specified,Y,Y,Y
34732024,3473,2024,GA0020200,GA0020200,,N,N,,I,WILLACOOCHEE,WILLACOOCHEE PD,Willacoochee,,A,13,Georgia,GA,GA,5,South Atlantic,3,South,Region III,City,1243,23363,GAUCR0001,Georgia Bureau of Investigation Georgia Crime Information Center,N,11,7,"Cities under 2,500",7,"Cities under 2,500",N,11,,Y,4,0,4,1,1,2,4.0,4.8,2018-01-01,2024-02-01,2024-02-01,2024-02-01,2024-02-01,2024-02-01,N,ATKINSON,Not Specified,Y,Y,Y
34752024,3475,2024,GA0030100,GA0030100,,N,N,,I,ALMA,ALMA PD,Alma,,A,13,Georgia,GA,GA,5,South Atlantic,3,South,Region III,City,3488,23363,GAUCR0001,Georgia Bureau of Investigation Georgia Crime Information Center,N,10,6,"Cities from 2,500 thru 9,999",6,"Cities from 2,500 thru 9,999",N,10,,Y,11,0,11,7,2,9,5.2,5.7,2018-01-01,2018-11-01,2018-11-01,2019-03-01,2019-03-01,2019-03-01,N,BACON,Not Specified,Y,Y,Y
34772024,3477,2024,GA0040100,GA0040100,,N,N,,I,NEWTON,NEWTON PD,Newton,,A,13,Georgia,GA,GA,5,South Atlantic,3,South,Region III,City,561,23363,GAUCR0001,Georgia Bureau of Investigation Georgia Crime Information Center,N,11,7,"Cities under 2,500",7,"Cities under 2,500",N,11,,N,,,,,,,,,2018-01-01,2021-01-01,,,,,N,BAKER,Not Specified,Y,Y,Y
34782024,3478,2024,GA0050000,GA0050000,,N,N,,I,BALDWIN,BALDWIN COUNTY SHERIFF OFFICE,Baldwin,,A,13,Georgia,GA,GA,5,South Atlantic,3,South,Region III,County,27150,23363,GAUCR0001,Georgia Bureau of Investigation Georgia Crime Information Center,N,14,8B,"Non-MSA counties from 25,000 thru 99,999",8,Non-MSA Counties,N,14,,Y,50,19,69,10,39,49,2.2,4.3,2018-01-01,2019-10-01,2019-10-01,2019-12-01,2019-12-01,2019-12-01,N,BALDWIN,Not Specified,Y,Y,Y
34792024,3479,2024,GA0050100,GA0050100,,N,N,,I,MILLEDGEVILLE,MILLEDGEVILLE PD,Milledgeville,,A,13,Georgia,GA,GA,5,South Atlantic,3,South,Region III,City,16302,23363,GAUCR0001,Georgia Bureau of Investigation Georgia Crime Information Center,N,9,5,"Cities from 10,000 thru 24,999",5,"Cities from 10,000 thru 24,999",N,9,,Y,29,2,31,5,14,19,2.1,3.1,2018-01-01,2019-02-01,2019-02-01,2019-06-01,2019-06-01,2020-02-01,N,BALDWIN,Not Specified,Y,Y,Y
34812024,3481,2024,GA0050300,GA0050300,,N,N,,I,GA COLLEGE & STATE UNIVE,GEORGIA COLLEGE & STATE UNIV PUB SAF,Georgia College and State University,,A,13,Georgia,GA,GA,5,South Atlantic,3,South,Region III,University or College,0,23363,GAUCR0001,Georgia Bureau of Investigation Georgia Crime Information Center,N,11,7,"Cities under 2,500",7,"Cities under 2,500",N,11,,Y,12,2,14,2,6,8,0,0,2018-01-01,2019-09-01,2019-09-01,2020-04-01,2020-04-01,2020-04-01,N,BALDWIN,Not Specified,Y,Y,Y
34822024,3482,2024,GA0050400,GA0050400,,N,N,,I,GEORGIA MILITARY COLLEGE,GEORGIA MILITARY COLLEGE,Georgia Military College,,A,13,Georgia,GA,GA,5,South Atlantic,3,South,Region III,University or College,0,23363,GAUCR0001,Georgia Bureau of Investigation Georgia Crime Information Center,N,11,7,"Cities under 2,500",7,"Cities under 2,500",N,11,,Y,1,1,2,1,1,2,0,0,2018-01-01,2020-02-01,2020-02-01,,,,N,BALDWIN,Not Specified,Y,Y,Y
34842024,3484,2024,GA0070000,GA0070000,,N,N,,I,BARROW,BARROW CO SO WINDER,Barrow,,A,13,Georgia,GA,GA,5,South Atlantic,3,South,Region III,County,60352,23363,GAUCR0001,Georgia Bureau of Investigation Georgia Crime Information Center,Y,20,9B,"MSA counties from 25,000 thru 99,999",9,MSA Counties,N,20,,Y,116,30,146,17,36,53,2.2,3.3,2018-01-01,2018-01-01,2018-01-01,2020-05-01,2020-05-01,2020-05-01,N,BARROW,"Atlanta-Sandy Springs-Roswell, GA",Y,Y,Y
34852024,3485,2024,GA0070100,GA0070100,,N,N,,I,WINDER,WINDER PD,Winder,,A,13,Georgia,GA,GA,5,South Atlantic,3,South,Region III,City,20117,23363,GAUCR0001,Georgia Bureau of Investigation Georgia Crime Information Center,Y,9,5,"Cities from 10,000 thru 24,999",5,"Cities from 10,000 thru 24,999",N,9,,Y,26,0,26,5,7,12,1.5,1.9,2018-01-01,2019-11-01,2022-03-01,2022-03-01,2022-03-01,2022-03-01,N,BARROW,"Atlanta-Sandy Springs-Roswell, GA",Y,Y,Y
34862024,3486,2024,GA0070200,GA0070200,,N,N,,I,AUBURN,AUBURN PD,Auburn,,A,13,Georgia,GA,GA,5,South Atlantic,3,South,Region III,City,10527,23363,GAUCR0001,Georgia Bureau of Investigation Georgia Crime Information Center,Y,9,5,"Cities from 10,000 thru 24,999",5,"Cities from 10,000 thru 24,999",N,9,,Y,15,1,16,1,4,5,1.5,2.0,2018-01-01,2020-01-01,2020-01-01,2020-01-01,2020-01-01,2020-01-01,N,"BARROW, GWINNETT","Atlanta-Sandy Springs-Roswell, GA",Y,Y,Y
34872024,3487,2024,GA0070300,GA0070300,,N,N,,I,STATHAM,STATHAM PD,Statham,,A,13,Georgia,GA,GA,5,South Atlantic,3,South,Region III,City,3192,23363,GAUCR0001,Georgia Bureau of Investigation Georgia Crime Information Center,Y,10,6,"Cities from 2,500 thru 9,999",6,"Cities from 2,500 thru 9,999",N,10,,Y,6,2,8,2,4,6,2.5,4.4,2018-01-01,2023-03-01,2023-03-01,2023-03-01,2023-03-01,2023-03-01,N,BARROW,"Atlanta-Sandy Springs-Roswell, GA",Y,Y,Y
34882024,3488,2024,GA0080000,GA0080000,,N,N,,I,BARTOW,BARTOW CO SO CARTERSVILLE,Bartow,,A,13,Georgia,GA,GA,5,South Atlantic,3,South,Region III,County,79698,23363,GAUCR0001,Georgia Bureau of Investigation Georgia Crime Information Center,Y,20,9B,"MSA counties from 25,000 thru 99,999",9,MSA Counties,N,20,,Y,158,11,169,39,34,73,2.5,3.0,2018-01-01,2020-01-01,2020-01-01,2020-03-01,2020-03-01,2020-03-01,N,BARTOW,"Atlanta-Sandy Springs-Roswell, GA",Y,Y,Y
34892024,3489,2024,GA0080100,GA0080100,,N,N,,I,CARTERSVILLE,CARTERSVILLE PD,Cartersville,,A,13,Georgia,GA,GA,5,South Atlantic,3,South,Region III,City,25543,23363,GAUCR0001,Georgia Bureau of Investigation Georgia Crime Information Center,Y,8,4,"Cities from 25,000 thru 49,999",4,"Cities from 25,000 thru 49,999",N,8,,Y,45,3,48,10,7,17,2.2,2.5,2018-01-01,2018-12-01,2018-12-01,2019-07-01,2019-07-01,2021-06-01,N,BARTOW,"Atlanta-Sandy Springs-Roswell, GA",Y,Y,Y
34902024,3490,2024,GA0080200,GA0080200,,N,N,,I,ADAIRSVILLE,ADAIRSVILLE PD,Adairsville,,A,13,Georgia,GA,GA,5,South Atlantic,3,South,Region III,City,5107,23363,GAUCR0001,Georgia Bureau of Investigation Georgia Crime Information Center,Y,10,6,"Cities from 2,500 thru 9,999",6,"Cities from 2,500 thru 9,999",N,10,,Y,16,0,16,1,2,3,3.3,3.7,2018-01-01,2018-11-01,2018-11-01,2019-03-01,2019-03-01,2019-03-01,N,BARTOW,"Atlanta-Sandy Springs-Roswell, GA",Y,Y,Y
34912024,3491,2024,GA0080300,GA0080300,,N,N,,I,KINGSTON,KINGSTON PD,Kingston,,A,13,Georgia,GA,GA,5,South Atlantic,3,South,Region III,City,968,23363,GAUCR0001,Georgia Bureau of Investigation Georgia Crime Information Center,Y,11,7,"Cities under 2,500",7,"Cities under 2,500",N,11,,Y,3,0,3,0,1,1,3.1,4.1,2018-01-01,2019-08-01,2019-08-01,2020-09-01,2020-09-01,2020-09-01,N,BARTOW,"Atlanta-Sandy Springs-Roswell, GA",Y,Y,Y
34922024,3492,2024,GA0080500,GA0080500,,N,N,,I,WHITE,WHITE,White,,A,13,Georgia,GA,GA,5,South Atlantic,3,South,Region III,City,641,23363,GAUCR0001,Georgia Bureau of Investigation Georgia Crime Information Center,Y,11,7,"Cities under 2,500",7,"Cities under 2,500",N,11,,Y,4,0,4,0,0,0,6.2,6.2,2018-01-01,2022-09-01,2023-12-01,2024-04-01,2023-12-01,2023-12-01,N,BARTOW,"Atlanta-Sandy Springs-Roswell, GA",Y,Y,Y
34932024,3493,2024,GA0080600,GA0080600,,N,N,,I,EMERSON,EMERSON PD EMERSON,Emerson,,A,13,Georgia,GA,GA,5,South Atlantic,3,South,Region III,City,1431,23363,GAUCR0001,Georgia Bureau of Investigation Georgia Crime Information Center,Y,11,7,"Cities under 2,500",7,"Cities under 2,500",N,11,,Y,11,0,11,1,1,2,8.4,9.1,2018-01-01,2019-01-01,2019-01-01,2019-07-01,2019-07-01,2019-07-01,N,BARTOW,"Atlanta-Sandy Springs-Roswell, GA",Y,Y,Y
34942024,3494,2024,GA0080700,GA0080700,,N,N,,I,EUHARLEE,EUHARLEE POLICE DEPARTMENT KINGSTON,Euharlee,,A,13,Georgia,GA,GA,5,South Atlantic,3,South,Region III,City,4132,23363,GAUCR0001,Georgia Bureau of Investigation Georgia Crime Information Center,Y,10,6,"Cities from 2,500 thru 9,999",6,"Cities from 2,500 thru 9,999",N,10,,Y,16,1,17,1,2,3,4.1,4.8,2018-01-01,2020-02-01,2021-06-01,2021-06-01,2021-06-01,2021-06-01,N,BARTOW,"Atlanta-Sandy Springs-Roswell, GA",Y,Y,Y
34952024,3495,2024,GA0090000,GA0090000,,N,N,,I,BEN HILL,BEN HILL CO SO FITZGERALD,Ben Hill,,A,13,Georgia,GA,GA,5,South Atlantic,3,South,Region III,County,8267,23363,GAUCR0001,Georgia Bureau of Investigation Georgia Crime Information Center,N,16,8D,"Non-MSA counties under 10,000",8,Non-MSA Counties,N,16,,Y,26,5,31,5,15,20,3.7,6.2,2018-01-01,2019-06-01,2019-06-01,2020-04-01,2020-04-01,2020-04-01,N,BEN HILL,Not Specified,Y,Y,Y
34962024,3496,2024,GA0090100,GA0090100,,N,N,,I,FITZGERALD,FITZGERALD PD,Fitzgerald,,A,13,Georgia,GA,GA,5,South Atlantic,3,South,Region III,City,8922,23363,GAUCR0001,Georgia Bureau of Investigation Georgia Crime Information Center,N,10,6,"Cities from 2,500 thru 9,999",6,"Cities from 2,500 thru 9,999",N,10,,Y,24,5,29,2,5,7,2.9,4.0,2018-01-01,2019-10-01,2019-10-01,2020-08-01,2020-07-01,2020-07-01,N,BEN HILL,Not Specified,Y,Y,Y
34972024,3497,2024,GA0100000,GA0100000,,N,N,,I,BERRIEN,BERRIEN CO SO NASHVILLE,Berrien,,A,13,Georgia,GA,GA,5,South Atlantic,3,South,Region III,County,11200,23363,GAUCR0001,Georgia Bureau of Investigation Georgia Crime Information Center,N,15,8C,"Non-MSA counties from 10,000 thru 24,999",8,Non-MSA Counties,N,15,,N,,,,,,,,,2018-01-01,2019-10-01,2019-10-01,2019-12-01,2019-12-01,2019-12-01,N,BERRIEN,Not Specified,Y,Y,Y
34982024,3498,2024,GA0100100,GA0100100,,N,N,,I,NASHVILLE,NASHVILLE PD,Nashville,,A,13,Georgia,GA,GA,5,South Atlantic,3,South,Region III,City,4949,23363,GAUCR0001,Georgia Bureau of Investigation Georgia Crime Information Center,N,10,6,"Cities from 2,500 thru 9,999",6,"Cities from 2,500 thru 9,999",N,10,,Y,13,0,13,1,3,4,2.8,3.4,2018-01-01,2019-02-01,2019-02-01,2019-12-01,2019-12-01,2019-12-01,N,BERRIEN,Not Specified,Y,Y,Y
34992024,3499,2024,GA0100200,GA0100200,,N,N,,I,ALAPAHA,ALAPAHA PD,Alapaha,,A,13,Georgia,GA,GA,5,South Atlantic,3,South,Region III,City,494,23363,GAUCR0001,Georgia Bureau of Investigation Georgia Crime Information Center,N,11,7,"Cities under 2,500",7,"Cities under 2,500",N,11,,N,,,,,,,,,2018-01-01,2018-12-01,2018-12-01,2019-11-01,2019-06-01,,N,BERRIEN,Not Specified,Y,Y,Y
35012024,3501,2024,GA0100400,GA0100400,,N,N,,I,ENIGMA,ENIGMA PD,Enigma,,A,13,Georgia,GA,GA,5,South Atlantic,3,South,Region III,City,1111,23363,GAUCR0001,Georgia Bureau of Investigation Georgia Crime Information Center,N,11,7,"Cities under 2,500",7,"Cities under 2,500",N,11,,Y,1,0,1,0,0,0,0.9,0.9,2018-01-01,2020-11-01,2020-11-01,2021-07-01,2021-07-01,2021-07-01,N,BERRIEN,Not Specified,Y,Y,Y
35022024,3502,2024,GA0110000,GA0110000,,N,N,,I,BIBB,BIBB CO SO MACON,Bibb,,A,13,Georgia,GA,GA,5,South Atlantic,3,South,Region III,County,157013,23363,GAUCR0001,Georgia Bureau of Investigation Georgia Crime Information Center,Y,19,9A,"MSA counties 100,000 or over",9,MSA Counties,Y,19,,Y,178,48,226,40,125,165,1.4,2.5,2018-01-01,2019-02-01,2019-02-01,2020-05-01,2020-05-01,2020-05-01,N,BIBB,"Macon-Bibb County, GA",Y,Y,Y
35042024,3504,2024,GA0110200,GA0110200,,N,N,,I,GA FORESTRY COMMISSION,GA FORESTRY COMMISSION MACON,Georgia Forestry Commission,,A,13,Georgia,GA,GA,5,South Atlantic,3,South,Region III,Other State Agency,0,23363,GAUCR0001,Georgia Bureau of Investigation Georgia Crime Information Center,Y,22,9D,"MSA counties under 10,000",9,MSA Counties,N,22,,Y,3,0,3,2,0,2,0,0,2018-01-01,2019-09-01,2019-09-01,2020-03-01,2020-03-01,2020-03-01,N,BIBB,"Macon-Bibb County, GA",Y,Y,Y
35062024,3506,2024,GA0110400,GA0110400,,N,N,,I,BIBB CO BOARD OF EDUCAT,BIBB CO BOARD OF ED CAMPUS POLICE DEPT MACON,Bibb County Board of Education,,A,13,Georgia,GA,GA,5,South Atlantic,3,South,Region III,Other,0,23363,GAUCR0001,Georgia Bureau of Investigation Georgia Crime Information Center,Y,22,9D,"MSA counties under 10,000",9,MSA Counties,N,22,,Y,11,1,12,7,4,11,0,0,2018-01-01,2019-10-01,2019-10-01,2019-11-01,2019-11-01,2020-01-01,N,BIBB,"Macon-Bibb County, GA",Y,Y,Y
35072024,3507,2024,GA011099E,GA0110900,,N,N,,I,MERCER UNIVERSITY,MERCER UNIV DPS CAMPUS SECURITY MACON,Mercer University,,A,13,Georgia,GA,GA,5,South Atlantic,3,South,Region III,University or College,0,23363,GAUCR0001,Georgia Bureau of Investigation Georgia Crime Information Center,Y,11,7,"Cities under 2,500",7,"Cities under 2,500",N,11,,Y,19,3,22,4,9,13,0,0,2018-01-01,2018-12-01,2018-12-01,2019-06-01,2019-06-01,2019-06-01,N,BIBB,"Macon-Bibb County, GA",Y,Y,Y
35102024,3510,2024,GA0120000,GA0120000,,N,N,,I,BLECKLEY,BLECKLEY CO SO COCHRAN,Bleckley,,A,13,Georgia,GA,GA,5,South Atlantic,3,South,Region III,County,7837,23363,GAUCR0001,Georgia Bureau of Investigation Georgia Crime Information Center,N,16,8D,"Non-MSA counties under 10,000",8,Non-MSA Counties,N,16,,Y,17,10,27,0,18,18,2.2,5.7,2018-01-01,2019-09-01,2019-09-01,2019-10-01,2019-10-01,2019-10-01,N,BLECKLEY,Not Specified,Y,Y,Y
35112024,3511,2024,GA0120100,GA0120100,,N,N,,I,COCHRAN,COCHRAN PD,Cochran,,A,13,Georgia,GA,GA,5,South Atlantic,3,South,Region III,City,4664,23363,GAUCR0001,Georgia Bureau of Investigation Georgia Crime Information Center,N,10,6,"Cities from 2,500 thru 9,999",6,"Cities from 2,500 thru 9,999",N,10,,Y,13,0,13,1,1,2,3.0,3.2,2018-01-01,2019-06-01,2019-06-01,2019-08-01,2019-08-01,2021-04-01,N,BLECKLEY,Not Specified,Y,Y,Y
35122024,3512,2024,GA0120200,GA0120200,,N,N,,I,MIDDLE GEORGIA ST UNIV,MIDDLE GA COLLEGE PUBLIC SAFETY DEPT COCHRAN,Middle Georgia State University,,A,13,Georgia,GA,GA,5,South Atlantic,3,South,Region III,University or College,0,23363,GAUCR0001,Georgia Bureau of Investigation Georgia Crime Information Center,N,11,7,"Cities under 2,500",7,"Cities under 2,500",N,11,,Y,15,1,16,8,5,13,0,0,2018-01-01,2019-01-01,2019-01-01,2019-06-01,2019-06-01,2019-06-01,N,BLECKLEY,Not Specified,Y,Y,Y
35132024,3513,2024,GA0130000,GA0130000,,N,N,,I,BRANTLEY,BRANTLEY CO SO NAHUNTA,Brantley,,A,13,Georgia,GA,GA,5,South Atlantic,3,South,Region III,County,17079,23363,GAUCR0001,Georgia Bureau of Investigation Georgia Crime Information Center,Y,21,9C,"MSA counties from 10,000 thru 24,999",9,MSA Counties,N,21,,Y,20,0,20,2,4,6,1.3,1.5,2018-01-01,2019-10-01,2019-10-01,2020-12-01,2020-12-01,2020-12-01,N,BRANTLEY,"Brunswick-St. Simons, GA",Y,Y,Y
35152024,3515,2024,GA0130200,GA0130200,,N,N,,I,HOBOKEN,HOBOKEN PD,Hoboken,,A,13,Georgia,GA,GA,5,South Atlantic,3,South,Region III,City,491,23363,GAUCR0001,Georgia Bureau of Investigation Georgia Crime Information Center,Y,11,7,"Cities under 2,500",7,"Cities under 2,500",N,11,,Y,1,2,3,0,0,0,2.0,6.1,2018-01-01,2020-01-01,,,,,N,BRANTLEY,"Brunswick-St. Simons, GA",Y,Y,Y
35162024,3516,2024,GA0140000,GA0140000,,N,N,,I,BROOKS,BROOKS CO SO QUITMAN,Brooks,,A,13,Georgia,GA,GA,5,South Atlantic,3,South,Region III,County,11524,23363,GAUCR0001,Georgia Bureau of Investigation Georgia Crime Information Center,Y,21,9C,"MSA counties from 10,000 thru 24,999",9,MSA Counties,N,21,,Y,26,8,34,0,13,13,2.3,4.1,2018-01-01,2019-10-01,2019-10-01,2019-11-01,2019-11-01,2019-11-01,N,BROOKS,"Valdosta, GA",Y,Y,Y
35172024,3517,2024,GA0140100,GA0140100,,N,N,,I,QUITMAN,QUITMAN PD,Quitman,,A,13,Georgia,GA,GA,5,South Atlantic,3,South,Region III,City,4029,23363,GAUCR0001,Georgia Bureau of Investigation Georgia Crime Information Center,Y,10,6,"Cities from 2,500 thru 9,999",6,"Cities from 2,500 thru 9,999",N,10,,Y,12,0,12,3,3,6,3.7,4.5,2018-01-01,2022-01-01,2022-09-01,2022-09-01,2022-09-01,2022-09-01,N,BROOKS,"Valdosta, GA",Y,Y,Y
35192024,3519,2024,GA0150000,GA0150000,,N,N,,I,BRYAN,BRYAN CO SO PEMBROKE,Bryan,,A,13,Georgia,GA,GA,5,South Atlantic,3,South,Region III,County,29629,23363,GAUCR0001,Georgia Bureau of Investigation Georgia Crime Information Center,Y,20,9B,"MSA counties from 25,000 thru 99,999",9,MSA Counties,N,20,,Y,56,12,68,8,30,38,2.2,3.6,2018-01-01,2019-10-01,2019-10-01,2019-11-01,2019-11-01,2019-11-01,N,BRYAN,"Savannah, GA",Y,Y,Y
35212024,3521,2024,GA0150200,GA0150200,,N,N,,I,RICHMOND HILL,RICHMOND HILL PD,Richmond Hill,,A,13,Georgia,GA,GA,5,South Atlantic,3,South,Region III,City,19051,23363,GAUCR0001,Georgia Bureau of Investigation Georgia Crime Information Center,Y,9,5,"Cities from 10,000 thru 24,999",5,"Cities from 10,000 thru 24,999",N,9,,Y,38,1,39,0,9,9,2.0,2.5,2018-01-01,2019-10-01,2019-10-01,2021-03-01,2021-03-01,2021-03-01,N,BRYAN,"Savannah, GA",Y,Y,Y
35222024,3522,2024,GA0160000,GA0160000,,N,N,,I,BULLOCH,BULLOCH CO SO STATESBORO,Bulloch,,A,13,Georgia,GA,GA,5,South Atlantic,3,South,Region III,County,48554,23363,GAUCR0001,Georgia Bureau of Investigation Georgia Crime Information Center,N,14,8B,"Non-MSA counties from 25,000 thru 99,999",8,Non-MSA Counties,N,14,,Y,83,40,123,4,45,49,1.8,3.5,2018-01-01,2018-12-01,2018-12-01,2021-02-01,2021-02-01,2021-02-01,N,BULLOCH,Not Specified,Y,Y,Y
35232024,3523,2024,GA0160100,GA0160100,,N,N,,I,STATESBORO,STATESBORO PD,Statesboro,,A,13,Georgia,GA,GA,5,South Atlantic,3,South,Region III,City,34788,23363,GAUCR0001,Georgia Bureau of Investigation Georgia Crime Information Center,N,8,4,"Cities from 25,000 thru 49,999",4,"Cities from 25,000 thru 49,999",N,8,,Y,60,0,60,13,20,33,2.1,2.7,2018-01-01,2019-11-01,2021-10-01,2021-10-01,2021-10-01,2021-10-01,N,BULLOCH,Not Specified,Y,Y,Y
35242024,3524,2024,GA0160200,GA0160200,,N,N,,I,BROOKLET,BROOKLET PD,Brooklet,,A,13,Georgia,GA,GA,5,South Atlantic,3,South,Region III,City,2189,23363,GAUCR0001,Georgia Bureau of Investigation Georgia Crime Information Center,N,11,7,"Cities under 2,500",7,"Cities under 2,500",N,11,,Y,1,0,1,2,1,3,1.4,1.8,2018-01-01,2019-12-01,2019-12-01,2022-04-01,2020-11-01,2022-04-01,N,BULLOCH,Not Specified,Y,Y,Y
35262024,3526,2024,GA0160400,GA0160400,,N,N,,I,GA SOUTHERN UNIVERSITY,GEORGIA SOUTHERN UNIVERSITY PD STATESBORO,Georgia Southern University,,A,13,Georgia,GA,GA,5,South Atlantic,3,South,Region III,University or College,0,23363,GAUCR0001,Georgia Bureau of Investigation Georgia Crime Information Center,N,11,7,"Cities under 2,500",7,"Cities under 2,500",N,11,,Y,37,5,42,9,9,18,0,0,2018-01-01,2019-09-01,2019-09-01,2019-11-01,2019-11-01,2019-11-01,N,BULLOCH,Not Specified,Y,Y,Y
35282024,3528,2024,GA0170000,GA0170000,,N,N,,I,BURKE,BURKE CO SO WAYNESBORO,Burke ,,A,13,Georgia,GA,GA,5,South Atlantic,3,South,Region III,County,17499,23363,GAUCR0001,Georgia Bureau of Investigation Georgia Crime Information Center,Y,21,9C,"MSA counties from 10,000 thru 24,999",9,MSA Counties,N,21,,Y,65,18,83,10,37,47,4.3,7.4,2018-01-01,2019-09-01,2019-09-01,2019-11-01,2019-11-01,2021-07-01,N,BURKE,"Augusta-Richmond County, GA-SC",Y,Y,Y
35292024,3529,2024,GA0170100,GA0170100,,N,N,,I,WAYNESBORO,WAYNESBORO PD,Waynesboro,,A,13,Georgia,GA,GA,5,South Atlantic,3,South,Region III,City,5545,23363,GAUCR0001,Georgia Bureau of Investigation Georgia Crime Information Center,Y,10,6,"Cities from 2,500 thru 9,999",6,"Cities from 2,500 thru 9,999",N,10,,Y,17,0,17,4,4,8,3.8,4.5,2018-01-01,2019-09-01,2019-09-01,2019-11-01,2019-11-01,2019-11-01,N,BURKE,"Augusta-Richmond County, GA-SC",Y,Y,Y
35302024,3530,2024,GA0170200,GA0170200,,N,N,,I,MIDVILLE,MIDVILLE PD,Midville,,A,13,Georgia,GA,GA,5,South Atlantic,3,South,Region III,City,379,23363,GAUCR0001,Georgia Bureau of Investigation Georgia Crime Information Center,Y,11,7,"Cities under 2,500",7,"Cities under 2,500",N,11,,Y,3,0,3,0,1,1,7.9,10.6,2018-01-01,2019-08-01,2024-09-01,2024-09-01,2024-09-01,2024-09-01,N,BURKE,"Augusta-Richmond County, GA-SC",Y,Y,Y
35312024,3531,2024,GA0170300,GA0170300,,N,N,,I,SARDIS,SARDIS PD,Sardis,,A,13,Georgia,GA,GA,5,South Atlantic,3,South,Region III,City,999,23363,GAUCR0001,Georgia Bureau of Investigation Georgia Crime Information Center,Y,11,7,"Cities under 2,500",7,"Cities under 2,500",N,11,,Y,4,1,5,1,0,1,5.0,6.0,2018-01-01,2020-01-01,2020-01-01,2021-02-01,2021-02-01,2022-10-01,N,BURKE,"Augusta-Richmond County, GA-SC",Y,Y,Y
35332024,3533,2024,GA0180000,GA0180000,,N,N,,I,BUTTS,BUTTS CO SO JACKSON,Butts,,A,13,Georgia,GA,GA,5,South Atlantic,3,South,Region III,County,21507,23363,GAUCR0001,Georgia Bureau of Investigation Georgia Crime Information Center,Y,21,9C,"MSA counties from 10,000 thru 24,999",9,MSA Counties,N,21,,Y,58,26,84,3,24,27,2.8,5.2,2018-01-01,2019-10-01,2019-10-01,2019-12-01,2019-12-01,2019-12-01,N,BUTTS,"Atlanta-Sandy Springs-Roswell, GA",Y,Y,Y
35382024,3538,2024,GA0190100,GA0190100,,N,N,,I,ARLINGTON,ARLINGTON PD,Arlington,,A,13,Georgia,GA,GA,5,South Atlantic,3,South,Region III,City,1130,23363,GAUCR0001,Georgia Bureau of Investigation Georgia Crime Information Center,N,11,7,"Cities under 2,500",7,"Cities under 2,500",N,11,,Y,1,0,1,1,0,1,1.8,1.8,2018-01-01,2021-04-01,2021-04-01,2021-04-01,2021-04-01,2021-04-01,N,"CALHOUN, EARLY",Not Specified,Y,Y,Y
35402024,3540,2024,GA0190300,GA0190300,,N,N,,I,LEARY,LEARY PD,Leary,,A,13,Georgia,GA,GA,5,South Atlantic,3,South,Region III,City,495,23363,GAUCR0001,Georgia Bureau of Investigation Georgia Crime Information Center,N,11,7,"Cities under 2,500",7,"Cities under 2,500",N,11,,Y,1,0,1,0,0,0,2.0,2.0,2018-01-01,2022-01-01,,,,,N,CALHOUN,Not Specified,Y,Y,Y
35412024,3541,2024,GA0200000,GA0200000,,N,N,,I,CAMDEN,CAMDEN CO SO WOODBINE,Camden,,A,13,Georgia,GA,GA,5,South Atlantic,3,South,Region III,County,18530,23363,GAUCR0001,Georgia Bureau of Investigation Georgia Crime Information Center,N,15,8C,"Non-MSA counties from 10,000 thru 24,999",8,Non-MSA Counties,N,15,,Y,57,24,81,15,32,47,3.9,6.9,2018-01-01,2021-12-01,2021-12-01,2021-12-01,2021-12-01,2021-12-01,N,CAMDEN,Not Specified,Y,Y,Y
35422024,3542,2024,GA0200100,GA0200100,,N,N,,I,KINGSLAND,KINGSLAND PD,Kingsland,,A,13,Georgia,GA,GA,5,South Atlantic,3,South,Region III,City,21064,23363,GAUCR0001,Georgia Bureau of Investigation Georgia Crime Information Center,N,9,5,"Cities from 10,000 thru 24,999",5,"Cities from 10,000 thru 24,999",N,9,,Y,28,1,29,8,3,11,1.7,1.9,2018-01-01,2019-09-01,2022-02-01,2022-02-01,2022-02-01,2022-02-01,N,CAMDEN,Not Specified,Y,Y,Y
35432024,3543,2024,GA0200200,GA0200200,,N,N,,I,ST. MARYS,SAINT MARYS PD,St. Marys,,A,13,Georgia,GA,GA,5,South Atlantic,3,South,Region III,City,19882,23363,GAUCR0001,Georgia Bureau of Investigation Georgia Crime Information Center,N,9,5,"Cities from 10,000 thru 24,999",5,"Cities from 10,000 thru 24,999",N,9,,Y,24,0,24,9,3,12,1.7,1.8,2018-01-01,2022-05-01,2022-12-01,2022-12-01,2023-06-01,2022-12-01,N,CAMDEN,Not Specified,Y,Y,Y
35452024,3545,2024,GA0210000,GA0210000,,N,N,,I,CANDLER,CANDLER CO SO METTER,Candler,,A,13,Georgia,GA,GA,5,South Atlantic,3,South,Region III,County,7143,23363,GAUCR0001,Georgia Bureau of Investigation Georgia Crime Information Center,N,16,8D,"Non-MSA counties under 10,000",8,Non-MSA Counties,N,16,,Y,14,3,17,1,7,8,2.1,3.5,2018-01-01,2019-06-01,2019-06-01,2019-11-01,2019-11-01,2019-11-01,N,CANDLER,Not Specified,Y,Y,Y
35462024,3546,2024,GA0210100,GA0210100,,N,N,,I,METTER,METTER PD,Metter,,A,13,Georgia,GA,GA,5,South Atlantic,3,South,Region III,City,3977,23363,GAUCR0001,Georgia Bureau of Investigation Georgia Crime Information Center,N,10,6,"Cities from 2,500 thru 9,999",6,"Cities from 2,500 thru 9,999",N,10,,Y,12,0,12,2,2,4,3.5,4.0,2018-01-01,2019-05-01,2019-05-01,2020-10-01,2020-08-01,2020-10-01,N,CANDLER,Not Specified,Y,Y,Y
35482024,3548,2024,GA0220000,GA0220000,,N,N,,I,CARROLL,CARROLL CO SO CARROLLTON,Carroll,,A,13,Georgia,GA,GA,5,South Atlantic,3,South,Region III,County,79128,23363,GAUCR0001,Georgia Bureau of Investigation Georgia Crime Information Center,Y,20,9B,"MSA counties from 25,000 thru 99,999",9,MSA Counties,N,20,,Y,101,44,145,13,35,48,1.4,2.4,2018-01-01,2018-01-01,2018-01-01,2020-07-01,2020-05-01,2020-10-01,N,CARROLL,"Atlanta-Sandy Springs-Roswell, GA",Y,Y,Y
35492024,3549,2024,GA0220100,GA0220100,,N,N,,I,CARROLLTON,CARROLLTON PD,Carrollton,,A,13,Georgia,GA,GA,5,South Atlantic,3,South,Region III,City,28124,23363,GAUCR0001,Georgia Bureau of Investigation Georgia Crime Information Center,Y,8,4,"Cities from 25,000 thru 49,999",4,"Cities from 25,000 thru 49,999",N,8,,Y,73,2,75,13,13,26,3.1,3.6,2018-01-01,2020-11-01,2021-11-01,2021-11-01,2021-11-01,2021-11-01,N,CARROLL,"Atlanta-Sandy Springs-Roswell, GA",Y,Y,Y
35502024,3550,2024,GA0220200,GA0220200,,N,N,,I,VILLA RICA,VILLA RICA PD,Villa Rica,,A,13,Georgia,GA,GA,5,South Atlantic,3,South,Region III,City,19251,23363,GAUCR0001,Georgia Bureau of Investigation Georgia Crime Information Center,Y,9,5,"Cities from 10,000 thru 24,999",5,"Cities from 10,000 thru 24,999",N,9,,N,,,,,,,,,2018-01-01,2019-04-01,2019-04-01,2020-11-01,2020-11-01,2020-11-01,N,"CARROLL, DOUGLAS","Atlanta-Sandy Springs-Roswell, GA",Y,Y,Y
35512024,3551,2024,GA0220300,GA0220300,,N,N,,I,BOWDON,BOWDON PD,Bowdon,,A,13,Georgia,GA,GA,5,South Atlantic,3,South,Region III,City,2229,23363,GAUCR0001,Georgia Bureau of Investigation Georgia Crime Information Center,Y,11,7,"Cities under 2,500",7,"Cities under 2,500",N,11,,Y,5,0,5,0,1,1,2.2,2.7,2018-01-01,2019-01-01,2019-01-01,2019-06-01,2019-06-01,2019-06-01,N,CARROLL,"Atlanta-Sandy Springs-Roswell, GA",Y,Y,Y
35522024,3552,2024,GA0220400,GA0220400,,N,N,,I,TEMPLE,TEMPLE PD,Temple,,A,13,Georgia,GA,GA,5,South Atlantic,3,South,Region III,City,6836,23363,GAUCR0001,Georgia Bureau of Investigation Georgia Crime Information Center,Y,10,6,"Cities from 2,500 thru 9,999",6,"Cities from 2,500 thru 9,999",N,10,,Y,13,1,14,1,1,2,2.0,2.3,2018-01-01,2019-06-01,2019-06-01,2020-09-01,2020-05-01,2020-05-01,N,"CARROLL, HARALSON","Atlanta-Sandy Springs-Roswell, GA",Y,Y,Y
35542024,3554,2024,GA0220600,GA0220600,,N,N,,I,UNIV OF WEST GEORGIA,WEST GA COLLEGE DEPT PUBLIC SAFETY CARROLLTON,University of West Georgia,,A,13,Georgia,GA,GA,5,South Atlantic,3,South,Region III,University or College,0,23363,GAUCR0001,Georgia Bureau of Investigation Georgia Crime Information Center,Y,11,7,"Cities under 2,500",7,"Cities under 2,500",N,11,,Y,21,5,26,6,7,13,0,0,2018-01-01,2019-10-01,2019-10-01,2020-08-01,2020-06-01,2020-06-01,N,CARROLL,"Atlanta-Sandy Springs-Roswell, GA",Y,Y,Y
35552024,3555,2024,GA0220700,GA0220700,,N,N,,I,MOUNT ZION,MT ZION PD,Mount Zion,,A,13,Georgia,GA,GA,5,South Atlantic,3,South,Region III,City,2110,23363,GAUCR0001,Georgia Bureau of Investigation Georgia Crime Information Center,Y,11,7,"Cities under 2,500",7,"Cities under 2,500",N,11,,Y,6,0,6,1,1,2,3.3,3.8,2018-01-01,2019-10-01,2019-10-01,2020-03-01,2020-02-01,2020-03-01,N,CARROLL,"Atlanta-Sandy Springs-Roswell, GA",Y,Y,Y
35562024,3556,2024,GA0230000,GA0230000,,N,N,,I,CATOOSA,CATOOSA CO SO RINGGOLD,Catoosa,,A,13,Georgia,GA,GA,5,South Atlantic,3,South,Region III,County,55760,23363,GAUCR0001,Georgia Bureau of Investigation Georgia Crime Information Center,Y,20,9B,"MSA counties from 25,000 thru 99,999",9,MSA Counties,N,20,,Y,64,27,91,11,21,32,1.3,2.2,2018-01-01,2019-10-01,2019-10-01,2019-11-01,2019-11-01,2019-11-01,N,CATOOSA,"Chattanooga, TN-GA",Y,Y,Y
35572024,3557,2024,GA0230100,GA0230100,,N,N,,I,FORT OGLETHORPE,FT OGLETHORPE PD FT OGLETHORPE,Fort Oglethorpe,,A,13,Georgia,GA,GA,5,South Atlantic,3,South,Region III,City,10679,23363,GAUCR0001,Georgia Bureau of Investigation Georgia Crime Information Center,Y,9,5,"Cities from 10,000 thru 24,999",5,"Cities from 10,000 thru 24,999",N,9,,Y,28,0,28,1,3,4,2.7,3.0,2018-01-01,2019-10-01,2019-10-01,2020-06-01,2020-06-01,2020-06-01,N,"CATOOSA, WALKER","Chattanooga, TN-GA",Y,Y,Y
35582024,3558,2024,GA0230200,GA0230200,,N,N,,I,RINGGOLD,RINGGOLD PD,Ringgold,,A,13,Georgia,GA,GA,5,South Atlantic,3,South,Region III,City,3444,23363,GAUCR0001,Georgia Bureau of Investigation Georgia Crime Information Center,Y,10,6,"Cities from 2,500 thru 9,999",6,"Cities from 2,500 thru 9,999",N,10,,Y,9,0,9,1,1,2,2.9,3.2,2018-01-01,2019-03-01,2019-03-01,2020-05-01,2020-05-01,2020-05-01,N,CATOOSA,"Chattanooga, TN-GA",Y,Y,Y
35602024,3560,2024,GA0240100,GA0240100,,N,N,,I,FOLKSTON,FOLKSTON PD,Folkston,,A,13,Georgia,GA,GA,5,South Atlantic,3,South,Region III,City,4738,23363,GAUCR0001,Georgia Bureau of Investigation Georgia Crime Information Center,N,10,6,"Cities from 2,500 thru 9,999",6,"Cities from 2,500 thru 9,999",N,10,,Y,5,0,5,2,0,2,1.5,1.5,2018-01-01,2019-06-01,2019-06-01,2019-07-01,2019-07-01,2019-07-01,N,CHARLTON,Not Specified,Y,Y,Y
35642024,3564,2024,GA0250200,GA0250200,,N,N,,I,GARDEN CITY,GARDEN CITY PD GARDEN CITY,Garden City,,A,13,Georgia,GA,GA,5,South Atlantic,3,South,Region III,City,10363,23363,GAUCR0001,Georgia Bureau of Investigation Georgia Crime Information Center,Y,9,5,"Cities from 10,000 thru 24,999",5,"Cities from 10,000 thru 24,999",N,9,,Y,27,1,28,5,4,9,3.1,3.6,2018-01-01,2018-11-01,2018-11-01,2019-06-01,2019-06-01,2019-06-01,N,CHATHAM,"Savannah, GA",Y,Y,Y
35652024,3565,2024,GA0250300,GA0250300,,N,N,,I,SAVANNAH,SAVANNAH CHATHAM METROPOLITAN POLICE DEPART,Savannah,,A,13,Georgia,GA,GA,5,South Atlantic,3,South,Region III,City,241780,23363,GAUCR0001,Georgia Bureau of Investigation Georgia Crime Information Center,N,6,2,"Cities from 100,000 thru 249,999",2,"Cities from 100,000 thru 249,999",Y,6,,Y,336,18,354,101,77,178,1.8,2.2,2018-01-01,2024-01-01,2024-01-01,2024-01-01,2024-01-01,2024-01-01,N,CHATHAM,"Savannah, GA",Y,Y,Y
35662024,3566,2024,GA0250400,GA0250400,,N,N,,I,POOLER,POOLER PD,Pooler,,A,13,Georgia,GA,GA,5,South Atlantic,3,South,Region III,City,30962,23363,GAUCR0001,Georgia Bureau of Investigation Georgia Crime Information Center,Y,8,4,"Cities from 25,000 thru 49,999",4,"Cities from 25,000 thru 49,999",N,8,,Y,55,2,57,6,10,16,2.0,2.4,2018-01-01,2018-06-01,2018-06-01,2019-06-01,2019-06-01,2019-06-01,N,CHATHAM,"Savannah, GA",Y,Y,Y
35672024,3567,2024,GA0250500,GA0250500,,N,N,,I,PORT WENTWORTH,PORT WENTWORTH PD,Port Wentworth,,A,13,Georgia,GA,GA,5,South Atlantic,3,South,Region III,City,15911,23363,GAUCR0001,Georgia Bureau of Investigation Georgia Crime Information Center,Y,9,5,"Cities from 10,000 thru 24,999",5,"Cities from 10,000 thru 24,999",N,9,,Y,31,1,32,4,6,10,2.2,2.6,2018-01-01,2019-05-01,2019-05-01,2019-08-01,2019-08-01,2019-11-01,N,CHATHAM,"Savannah, GA",Y,Y,Y
35682024,3568,2024,GA0250600,GA0250600,,N,N,,I,TYBEE ISLAND,TYBEE ISLAND PD,Tybee Island,,A,13,Georgia,GA,GA,5,South Atlantic,3,South,Region III,City,3123,23363,GAUCR0001,Georgia Bureau of Investigation Georgia Crime Information Center,Y,10,6,"Cities from 2,500 thru 9,999",6,"Cities from 2,500 thru 9,999",N,10,,Y,22,1,23,3,7,10,8.0,10.6,2018-01-01,2019-05-01,2019-05-01,2019-07-01,2019-07-01,2019-07-01,N,CHATHAM,"Savannah, GA",Y,Y,Y
35692024,3569,2024,GA0250700,GA0250700,,N,N,,I,THUNDERBOLT,THUNDERBOLT PD,Thunderbolt,,A,13,Georgia,GA,GA,5,South Atlantic,3,South,Region III,City,2535,23363,GAUCR0001,Georgia Bureau of Investigation Georgia Crime Information Center,Y,10,6,"Cities from 2,500 thru 9,999",6,"Cities from 2,500 thru 9,999",N,10,,Y,8,0,8,0,1,1,3.2,3.6,2018-01-01,2019-08-01,2019-08-01,2019-08-01,2019-08-01,2019-08-01,N,CHATHAM,"Savannah, GA",Y,Y,Y
35702024,3570,2024,GA0250800,GA0250800,,N,N,,I,PORTS AUTHORITY: SAVANNAH,GEORGIA PORTS AUTHORITY SAVANNAH,Ports Authority,Savannah,A,13,Georgia,GA,GA,5,South Atlantic,3,South,Region III,Other State Agency,0,23363,GAUCR0001,Georgia Bureau of Investigation Georgia Crime Information Center,Y,22,9D,"MSA counties under 10,000",9,MSA Counties,N,22,,Y,140,21,161,22,34,56,0,0,2018-01-01,2018-12-01,2018-12-01,2019-03-01,2019-03-01,2019-03-01,N,CHATHAM,"Savannah, GA",Y,Y,Y
35712024,3571,2024,GA0250900,GA0250900,,N,N,,I,BLOOMINGDALE,BLOOMINGDALE PD,Bloomingdale,,A,13,Georgia,GA,GA,5,South Atlantic,3,South,Region III,City,3219,23363,GAUCR0001,Georgia Bureau of Investigation Georgia Crime Information Center,Y,10,6,"Cities from 2,500 thru 9,999",6,"Cities from 2,500 thru 9,999",N,10,,Y,14,0,14,2,4,6,5.0,6.2,2018-01-01,2019-09-01,2019-09-01,2020-08-01,2020-05-01,2020-05-01,N,CHATHAM,"Savannah, GA",Y,Y,Y
35802024,3580,2024,GA0270000,GA0270000,,N,N,,I,CHATTOOGA,CHATTOOGA CO SO SUMMERVILLE,Chattooga,,A,13,Georgia,GA,GA,5,South Atlantic,3,South,Region III,County,21005,23363,GAUCR0001,Georgia Bureau of Investigation Georgia Crime Information Center,N,15,8C,"Non-MSA counties from 10,000 thru 24,999",8,Non-MSA Counties,N,15,,Y,25,11,36,2,6,8,1.3,2.1,2018-01-01,2019-10-01,2019-10-01,2019-11-01,2019-11-01,2019-11-01,N,CHATTOOGA,Not Specified,Y,Y,Y
35812024,3581,2024,GA0270100,GA0270100,,N,N,,I,SUMMERVILLE,SUMMERVILLE,Summerville,,A,13,Georgia,GA,GA,5,South Atlantic,3,South,Region III,City,4426,23363,GAUCR0001,Georgia Bureau of Investigation Georgia Crime Information Center,N,10,6,"Cities from 2,500 thru 9,999",6,"Cities from 2,500 thru 9,999",N,10,,Y,13,0,13,0,2,2,2.9,3.4,2018-01-01,2020-11-01,2022-07-01,2022-07-01,2022-07-01,2022-07-01,N,CHATTOOGA,Not Specified,Y,Y,Y
35852024,3585,2024,GA0280000,GA0280000,,N,N,,I,CHEROKEE,CHEROKEE CO SO CANTON,Cherokee,,A,13,Georgia,GA,GA,5,South Atlantic,3,South,Region III,County,192112,23363,GAUCR0001,Georgia Bureau of Investigation Georgia Crime Information Center,Y,19,9A,"MSA counties 100,000 or over",9,MSA Counties,Y,19,,Y,261,57,318,42,89,131,1.6,2.3,2018-01-01,2019-10-01,2019-10-01,2019-10-01,2019-10-01,2019-10-01,N,CHEROKEE,"Atlanta-Sandy Springs-Roswell, GA",Y,Y,Y
35862024,3586,2024,GA0280100,GA0280100,,N,N,,I,CANTON,CANTON PD,Canton,,A,13,Georgia,GA,GA,5,South Atlantic,3,South,Region III,City,38085,23363,GAUCR0001,Georgia Bureau of Investigation Georgia Crime Information Center,Y,8,4,"Cities from 25,000 thru 49,999",4,"Cities from 25,000 thru 49,999",N,8,,Y,43,2,45,8,5,13,1.3,1.5,2018-01-01,2020-11-01,2020-11-01,2021-02-01,2021-02-01,2021-09-01,N,CHEROKEE,"Atlanta-Sandy Springs-Roswell, GA",Y,Y,Y
35872024,3587,2024,GA0280200,GA0280200,,N,N,,I,BALL GROUND,BALL GROUND PD,Ball Ground,,A,13,Georgia,GA,GA,5,South Atlantic,3,South,Region III,City,3256,23363,GAUCR0001,Georgia Bureau of Investigation Georgia Crime Information Center,Y,10,6,"Cities from 2,500 thru 9,999",6,"Cities from 2,500 thru 9,999",N,10,,N,,,,,,,,,2018-01-01,2019-09-01,2019-09-01,2020-05-01,2020-05-01,2021-11-01,N,CHEROKEE,"Atlanta-Sandy Springs-Roswell, GA",Y,Y,Y
35882024,3588,2024,GA0280300,GA0280300,,N,N,,I,HOLLY SPRINGS,HOLLY SPRINGS PD,Holly Springs,,A,13,Georgia,GA,GA,5,South Atlantic,3,South,Region III,City,20625,23363,GAUCR0001,Georgia Bureau of Investigation Georgia Crime Information Center,Y,9,5,"Cities from 10,000 thru 24,999",5,"Cities from 10,000 thru 24,999",N,9,,Y,34,1,35,4,2,6,1.8,2.0,2018-01-01,2019-10-01,2022-02-01,2022-02-01,2022-02-01,2022-02-01,N,CHEROKEE,"Atlanta-Sandy Springs-Roswell, GA",Y,Y,Y
35902024,3590,2024,GA0280500,GA0280500,,N,N,,I,WOODSTOCK,WOODSTOCK PD,Woodstock,,A,13,Georgia,GA,GA,5,South Atlantic,3,South,Region III,City,39613,23363,GAUCR0001,Georgia Bureau of Investigation Georgia Crime Information Center,Y,8,4,"Cities from 25,000 thru 49,999",4,"Cities from 25,000 thru 49,999",N,8,,Y,47,0,47,5,7,12,1.3,1.5,2018-01-01,2019-09-01,2019-09-01,2019-11-01,2019-11-01,2019-11-01,N,CHEROKEE,"Atlanta-Sandy Springs-Roswell, GA",Y,Y,Y
35922024,3592,2024,GA0280700,GA0280700,,N,N,,I,CHEROKEE CTY BOARD OF ED,CHEROKEE CAMPUS PD CANTON,Cherokee County Board of Education,,A,13,Georgia,GA,GA,5,South Atlantic,3,South,Region III,Other,0,23363,GAUCR0001,Georgia Bureau of Investigation Georgia Crime Information Center,Y,22,9D,"MSA counties under 10,000",9,MSA Counties,N,22,,Y,24,3,27,6,2,8,0,0,2018-01-01,2019-10-01,2019-10-01,2019-11-01,2019-11-01,2019-11-01,N,CHEROKEE,"Atlanta-Sandy Springs-Roswell, GA",Y,Y,Y
35942024,3594,2024,GA0280900,GA0280900,,N,N,,I,CHEROKEE COUNTY MARSHAL,CHEROKEE COUNTY MARSHAL'S OFFICE,Cherokee County Marshal,,A,13,Georgia,GA,GA,5,South Atlantic,3,South,Region III,Other,0,23363,GAUCR0001,Georgia Bureau of Investigation Georgia Crime Information Center,Y,22,9D,"MSA counties under 10,000",9,MSA Counties,N,22,,Y,12,4,16,2,7,9,0,0,2018-01-01,2019-02-01,2019-02-01,,2020-03-01,2020-03-01,N,CHEROKEE,"Atlanta-Sandy Springs-Roswell, GA",Y,Y,Y
35962024,3596,2024,GA0290000,GA0290000,,N,N,,I,CLARKE,CLARKE CO SO ATHENS,Clarke,,A,13,Georgia,GA,GA,5,South Atlantic,3,South,Region III,County,0,23363,GAUCR0001,Georgia Bureau of Investigation Georgia Crime Information Center,Y,22,9D,"MSA counties under 10,000",9,MSA Counties,N,22,,Y,69,8,77,32,38,70,0,0,2018-01-01,2019-01-01,2019-01-01,,,,N,CLARKE,"Athens-Clarke County, GA",Y,Y,Y
35972024,3597,2024,GA0290100,GA0290100,,N,N,,I,ATHENS-CLARKE COUNTY,ATHENS-CLARKE COUNTY POLICE DEPARTMENT ATHENS,Athens-Clarke County,,A,13,Georgia,GA,GA,5,South Atlantic,3,South,Region III,City,129765,23363,GAUCR0001,Georgia Bureau of Investigation Georgia Crime Information Center,N,6,2,"Cities from 100,000 thru 249,999",2,"Cities from 100,000 thru 249,999",Y,6,,Y,201,13,214,34,45,79,1.8,2.3,2018-01-01,2018-01-01,2018-01-01,2019-12-01,2019-12-01,2019-12-01,N,CLARKE,"Athens-Clarke County, GA",Y,Y,Y
35982024,3598,2024,GA0290200,GA0290200,,N,N,,I,UNIVERSITY OF GEORGIA,UNIVERSITY OF GEORGIA PD ATHENS,University of Georgia,,A,13,Georgia,GA,GA,5,South Atlantic,3,South,Region III,University or College,0,23363,GAUCR0001,Georgia Bureau of Investigation Georgia Crime Information Center,Y,11,7,"Cities under 2,500",7,"Cities under 2,500",N,11,,Y,68,21,89,12,21,33,0,0,2018-01-01,2019-08-01,2019-08-01,2020-02-01,2020-02-01,2020-02-01,N,CLARKE,"Athens-Clarke County, GA",Y,Y,Y
36012024,3601,2024,GA0300000,GA0300000,,N,N,,I,CLAY,CLAY CO SO FORT GAINES,Clay,,A,13,Georgia,GA,GA,5,South Atlantic,3,South,Region III,County,2873,23363,GAUCR0001,Georgia Bureau of Investigation Georgia Crime Information Center,N,16,8D,"Non-MSA counties under 10,000",8,Non-MSA Counties,N,16,,Y,9,0,9,0,1,1,3.1,3.5,2018-01-01,2019-06-01,2019-06-01,2020-07-01,2020-07-01,2020-07-01,N,CLAY,Not Specified,Y,Y,Y
36042024,3604,2024,GA0310100,GA0310100,,N,N,,I,CLAYTON COUNTY POL DEPT,CLAYTON COUNTY PD JONESBORO,Clayton County Police Department,,A,13,Georgia,GA,GA,5,South Atlantic,3,South,Region III,County,236315,23363,GAUCR0001,Georgia Bureau of Investigation Georgia Crime Information Center,Y,19,9A,"MSA counties 100,000 or over",9,MSA Counties,Y,19,,Y,211,19,230,81,109,190,1.2,1.8,2018-01-01,2019-06-01,2019-06-01,2019-10-01,2019-10-01,2019-10-01,N,CLAYTON,"Atlanta-Sandy Springs-Roswell, GA",Y,Y,Y
36052024,3605,2024,GA0310200,GA0310200,,N,N,,I,FOREST PARK,FOREST PARK PD,Forest Park,,A,13,Georgia,GA,GA,5,South Atlantic,3,South,Region III,City,19232,23363,GAUCR0001,Georgia Bureau of Investigation Georgia Crime Information Center,Y,9,5,"Cities from 10,000 thru 24,999",5,"Cities from 10,000 thru 24,999",N,9,,Y,68,5,73,19,21,40,4.5,5.9,2018-01-01,2019-10-01,2019-10-01,2020-01-01,2020-01-01,2020-01-01,N,CLAYTON,"Atlanta-Sandy Springs-Roswell, GA",Y,Y,Y
36062024,3606,2024,GA0310300,GA0310300,,N,N,,I,MORROW,MORROW PD,Morrow,,A,13,Georgia,GA,GA,5,South Atlantic,3,South,Region III,City,6307,23363,GAUCR0001,Georgia Bureau of Investigation Georgia Crime Information Center,Y,10,6,"Cities from 2,500 thru 9,999",6,"Cities from 2,500 thru 9,999",N,10,,Y,30,0,30,5,4,9,5.5,6.2,2018-01-01,2019-10-01,2019-10-01,2020-04-01,2020-04-01,2020-04-01,N,CLAYTON,"Atlanta-Sandy Springs-Roswell, GA",Y,Y,Y
36092024,3609,2024,GA0310600,GA0310600,,N,N,,I,LAKE CITY,LAKE CITY PD LAKE CITY,Lake City,,A,13,Georgia,GA,GA,5,South Atlantic,3,South,Region III,City,2876,23363,GAUCR0001,Georgia Bureau of Investigation Georgia Crime Information Center,Y,10,6,"Cities from 2,500 thru 9,999",6,"Cities from 2,500 thru 9,999",N,10,,Y,6,0,6,1,1,2,2.4,2.8,2018-01-01,2018-09-01,2018-09-01,2019-06-01,2019-06-01,2019-06-01,N,CLAYTON,"Atlanta-Sandy Springs-Roswell, GA",Y,Y,Y
36112024,3611,2024,GA0310800,GA0310800,,N,N,,I,CLAYTON STATE UNIVERSITY,CLAYTON JR COLLEGE PUBLIC SAFETY DEPT MORROW,Clayton State University,,A,13,Georgia,GA,GA,5,South Atlantic,3,South,Region III,University or College,0,23363,GAUCR0001,Georgia Bureau of Investigation Georgia Crime Information Center,Y,11,7,"Cities under 2,500",7,"Cities under 2,500",N,11,,Y,10,4,14,2,6,8,0,0,2018-01-01,2019-01-01,2019-01-01,2019-09-01,2019-09-01,2021-03-01,N,CLAYTON,"Atlanta-Sandy Springs-Roswell, GA",Y,Y,Y
36142024,3614,2024,GA0320000,GA0320000,,N,N,,I,CLINCH,CLINCH CO SO HOMERVILLE,Clinch,,A,13,Georgia,GA,GA,5,South Atlantic,3,South,Region III,County,4459,23363,GAUCR0001,Georgia Bureau of Investigation Georgia Crime Information Center,N,16,8D,"Non-MSA counties under 10,000",8,Non-MSA Counties,N,16,,Y,8,0,8,0,1,1,1.8,2.0,2018-01-01,2020-07-01,2020-07-01,2020-09-01,2020-09-01,2020-09-01,N,CLINCH,Not Specified,Y,Y,Y
36152024,3615,2024,GA0320100,GA0320100,,N,N,,I,HOMERVILLE,HOMERVILLE PD,Homerville,,A,13,Georgia,GA,GA,5,South Atlantic,3,South,Region III,City,2325,23363,GAUCR0001,Georgia Bureau of Investigation Georgia Crime Information Center,N,11,7,"Cities under 2,500",7,"Cities under 2,500",N,11,,Y,5,1,6,0,1,1,2.2,3.0,2018-01-01,2018-12-01,2018-12-01,2019-03-01,2019-03-01,2021-04-01,N,CLINCH,Not Specified,Y,Y,Y
36162024,3616,2024,GA0330000,GA0330000,,N,N,,I,COBB,COBB CO SO MARIETTA,Cobb,,A,13,Georgia,GA,GA,5,South Atlantic,3,South,Region III,County,0,23363,GAUCR0001,Georgia Bureau of Investigation Georgia Crime Information Center,Y,22,9D,"MSA counties under 10,000",9,MSA Counties,N,22,,Y,401,62,463,120,183,303,0,0,2018-01-01,2019-08-01,2019-08-01,2020-03-01,2020-03-01,2020-03-01,N,COBB,"Atlanta-Sandy Springs-Roswell, GA",Y,Y,Y
36172024,3617,2024,GA0330100,GA0330100,,N,N,,I,AUSTELL,AUSTELL PD,Austell,,A,13,Georgia,GA,GA,5,South Atlantic,3,South,Region III,City,8244,23363,GAUCR0001,Georgia Bureau of Investigation Georgia Crime Information Center,Y,10,6,"Cities from 2,500 thru 9,999",6,"Cities from 2,500 thru 9,999",N,10,,Y,18,0,18,7,6,13,3.0,3.8,2018-01-01,2020-01-01,2020-01-01,2021-03-01,2021-03-01,2021-03-01,N,"COBB, DOUGLAS","Atlanta-Sandy Springs-Roswell, GA",Y,Y,Y
36182024,3618,2024,GA0330200,GA0330200,,N,N,,I,COBB COUNTY POLICE DEPT,COBB COUNTY POLICE DEPARTMENT,Cobb County Police Department,,A,13,Georgia,GA,GA,5,South Atlantic,3,South,Region III,County,578227,23363,GAUCR0001,Georgia Bureau of Investigation Georgia Crime Information Center,Y,19,9A,"MSA counties 100,000 or over",9,MSA Counties,Y,19,,Y,547,19,566,62,65,127,1.1,1.2,2018-01-01,2019-08-01,2019-08-01,2020-02-01,2020-02-01,2020-02-01,N,COBB,"Atlanta-Sandy Springs-Roswell, GA",Y,Y,Y
36192024,3619,2024,GA0330300,GA0330300,,N,N,,I,MARIETTA,MARIETTA PD,Marietta,,A,13,Georgia,GA,GA,5,South Atlantic,3,South,Region III,City,63354,23363,GAUCR0001,Georgia Bureau of Investigation Georgia Crime Information Center,N,7,3,"Cities from 50,000 thru 99,999",3,"Cities from 50,000 thru 99,999",N,7,,Y,112,24,136,27,27,54,2.2,3.0,2018-01-01,2019-09-01,2019-09-01,2020-03-01,2020-03-01,2020-03-01,N,COBB,"Atlanta-Sandy Springs-Roswell, GA",Y,Y,Y
36202024,3620,2024,GA0330400,GA0330400,,N,N,,I,SMYRNA,SMYRNA PD,Smyrna,,A,13,Georgia,GA,GA,5,South Atlantic,3,South,Region III,City,56700,23363,GAUCR0001,Georgia Bureau of Investigation Georgia Crime Information Center,N,7,3,"Cities from 50,000 thru 99,999",3,"Cities from 50,000 thru 99,999",N,7,,Y,74,12,86,16,39,55,1.6,2.5,2018-01-01,2019-07-01,2019-07-01,2019-11-01,2019-11-01,2019-11-01,N,COBB,"Atlanta-Sandy Springs-Roswell, GA",Y,Y,Y
36212024,3621,2024,GA0330500,GA0330500,,N,N,,I,ACWORTH,ACWORTH PD,Acworth,,A,13,Georgia,GA,GA,5,South Atlantic,3,South,Region III,City,22364,23363,GAUCR0001,Georgia Bureau of Investigation Georgia Crime Information Center,Y,9,5,"Cities from 10,000 thru 24,999",5,"Cities from 10,000 thru 24,999",N,9,,Y,36,4,40,5,7,12,1.8,2.3,2018-01-01,2019-10-01,2019-10-01,2020-02-01,2020-02-01,2020-02-01,N,COBB,"Atlanta-Sandy Springs-Roswell, GA",Y,Y,Y
36222024,3622,2024,GA0330600,GA0330600,,N,N,,I,KENNESAW,KENNESAW PD,Kennesaw,,A,13,Georgia,GA,GA,5,South Atlantic,3,South,Region III,City,35138,23363,GAUCR0001,Georgia Bureau of Investigation Georgia Crime Information Center,Y,8,4,"Cities from 25,000 thru 49,999",4,"Cities from 25,000 thru 49,999",N,8,,Y,54,4,58,11,8,19,1.8,2.2,2018-01-01,2019-10-01,2019-10-01,2020-01-01,2020-01-01,2020-01-01,N,COBB,"Atlanta-Sandy Springs-Roswell, GA",Y,Y,Y
36262024,3626,2024,GA0331200,GA0331200,,N,N,,I,KENNESAW STATE UNIVERSIT,KENNESAW STATE COLLEGE DPS KENNESAW,Kennesaw State University,,A,13,Georgia,GA,GA,5,South Atlantic,3,South,Region III,University or College,0,23363,GAUCR0001,Georgia Bureau of Investigation Georgia Crime Information Center,Y,11,7,"Cities under 2,500",7,"Cities under 2,500",N,11,,Y,44,11,55,7,25,32,0,0,2018-01-01,2019-08-01,2019-08-01,2019-11-01,2019-11-01,2019-11-01,N,COBB,"Atlanta-Sandy Springs-Roswell, GA",Y,Y,Y
36272024,3627,2024,GA0331300,GA0331300,,N,N,,I,COBB CNTY BOARD OF EDUC,COBB CO SCHOOLS OF SAFETY AND SECURITY MARIETTA,Cobb County Board of Education,,A,13,Georgia,GA,GA,5,South Atlantic,3,South,Region III,Other,0,23363,GAUCR0001,Georgia Bureau of Investigation Georgia Crime Information Center,Y,22,9D,"MSA counties under 10,000",9,MSA Counties,N,22,,Y,68,0,68,12,3,15,0,0,2018-01-01,2019-10-01,2019-10-01,2020-08-01,2020-08-01,2020-08-01,N,COBB,"Atlanta-Sandy Springs-Roswell, GA",Y,Y,Y
36292024,3629,2024,GA0340000,GA0340000,,N,N,,I,COFFEE,COFFEE CO SO DOUGLAS,Coffee,,A,13,Georgia,GA,GA,5,South Atlantic,3,South,Region III,County,27898,23363,GAUCR0001,Georgia Bureau of Investigation Georgia Crime Information Center,N,14,8B,"Non-MSA counties from 25,000 thru 99,999",8,Non-MSA Counties,N,14,,Y,46,12,58,7,46,53,1.9,4.0,2018-01-01,2019-10-01,2019-10-01,2019-10-01,2019-10-01,2019-10-01,N,COFFEE,Not Specified,Y,Y,Y
36302024,3630,2024,GA0340100,GA0340100,,N,N,,I,DOUGLAS,DOUGLAS PD,Douglas,,A,13,Georgia,GA,GA,5,South Atlantic,3,South,Region III,City,11789,23363,GAUCR0001,Georgia Bureau of Investigation Georgia Crime Information Center,N,9,5,"Cities from 10,000 thru 24,999",5,"Cities from 10,000 thru 24,999",N,9,,Y,34,0,34,5,4,9,3.3,3.6,2018-01-01,2019-10-01,2019-10-01,2019-11-01,2019-11-01,2019-11-01,N,COFFEE,Not Specified,Y,Y,Y
36312024,3631,2024,GA0340300,GA0340300,,N,N,,I,BROXTON,BROXTON PD,Broxton,,A,13,Georgia,GA,GA,5,South Atlantic,3,South,Region III,City,1081,23363,GAUCR0001,Georgia Bureau of Investigation Georgia Crime Information Center,N,11,7,"Cities under 2,500",7,"Cities under 2,500",N,11,,Y,5,0,5,0,1,1,4.6,5.6,2018-01-01,2021-01-01,2021-04-01,2021-04-01,2021-04-01,2021-12-01,N,COFFEE,Not Specified,Y,Y,Y
36352024,3635,2024,GA0350100,GA0350100,,N,N,,I,MOULTRIE,MOULTRIE PD,Moultrie,,A,13,Georgia,GA,GA,5,South Atlantic,3,South,Region III,City,14546,23363,GAUCR0001,Georgia Bureau of Investigation Georgia Crime Information Center,N,9,5,"Cities from 10,000 thru 24,999",5,"Cities from 10,000 thru 24,999",N,9,,Y,19,5,24,3,6,9,1.5,2.3,2018-01-01,2019-07-01,2019-07-01,2019-10-01,2019-10-01,2019-10-01,N,COLQUITT,Not Specified,Y,Y,Y
36372024,3637,2024,GA0350300,GA0350300,,N,N,,I,DOERUN,DOERUN PD,Doerun,,A,13,Georgia,GA,GA,5,South Atlantic,3,South,Region III,City,712,23363,GAUCR0001,Georgia Bureau of Investigation Georgia Crime Information Center,N,11,7,"Cities under 2,500",7,"Cities under 2,500",N,11,,Y,5,1,6,0,0,0,7.0,8.4,2018-01-01,2019-10-01,2019-10-01,2020-11-01,2020-11-01,2020-11-01,N,COLQUITT,Not Specified,Y,Y,Y
36402024,3640,2024,GA0360000,GA0360000,,N,N,,I,COLUMBIA,COLUMBIA CO SO APPLING,Columbia,,A,13,Georgia,GA,GA,5,South Atlantic,3,South,Region III,County,146451,23363,GAUCR0001,Georgia Bureau of Investigation Georgia Crime Information Center,Y,19,9A,"MSA counties 100,000 or over",9,MSA Counties,Y,19,,Y,172,61,233,32,66,98,1.4,2.3,2018-01-01,2019-10-01,2022-10-01,2022-10-01,2023-09-01,2022-10-01,N,COLUMBIA,"Augusta-Richmond County, GA-SC",Y,Y,Y
36412024,3641,2024,GA0360100,GA0360100,,N,N,,I,GROVETOWN,GROVETOWN DEPARTMENT OF PUBLIC SAFETY,Grovetown,,A,13,Georgia,GA,GA,5,South Atlantic,3,South,Region III,City,18169,23363,GAUCR0001,Georgia Bureau of Investigation Georgia Crime Information Center,Y,9,5,"Cities from 10,000 thru 24,999",5,"Cities from 10,000 thru 24,999",N,9,,Y,16,1,17,3,7,10,1.0,1.5,2018-01-01,2019-08-01,2019-08-01,2019-12-01,2019-12-01,2019-12-01,N,COLUMBIA,"Augusta-Richmond County, GA-SC",Y,Y,Y
36422024,3642,2024,GA0360200,GA0360200,,N,N,,I,HARLEM,HARLEM PD,Harlem,,A,13,Georgia,GA,GA,5,South Atlantic,3,South,Region III,City,4128,23363,GAUCR0001,Georgia Bureau of Investigation Georgia Crime Information Center,Y,10,6,"Cities from 2,500 thru 9,999",6,"Cities from 2,500 thru 9,999",N,10,,Y,8,0,8,0,2,2,1.9,2.4,2018-01-01,2019-10-01,2022-02-01,2022-02-01,2022-02-01,2022-02-01,N,COLUMBIA,"Augusta-Richmond County, GA-SC",Y,Y,Y
36432024,3643,2024,GA0370000,GA0370000,,N,N,,I,COOK,COOK CO SO ADEL,Cook,,A,13,Georgia,GA,GA,5,South Atlantic,3,South,Region III,County,9175,23363,GAUCR0001,Georgia Bureau of Investigation Georgia Crime Information Center,N,16,8D,"Non-MSA counties under 10,000",8,Non-MSA Counties,N,16,,Y,22,12,34,6,11,17,3.1,5.6,2018-01-01,2019-10-01,2019-10-01,2019-11-01,2019-11-01,2019-12-01,N,COOK,Not Specified,Y,Y,Y
36472024,3647,2024,GA0380000,GA0380000,,N,N,,I,COWETA,COWETA CO SO NEWNAN,Coweta,,A,13,Georgia,GA,GA,5,South Atlantic,3,South,Region III,County,103911,23363,GAUCR0001,Georgia Bureau of Investigation Georgia Crime Information Center,Y,19,9A,"MSA counties 100,000 or over",9,MSA Counties,Y,19,,Y,221,12,233,66,20,86,2.8,3.1,2018-01-01,2018-12-01,2018-12-01,2019-03-01,2019-03-01,2019-03-01,N,COWETA,"Atlanta-Sandy Springs-Roswell, GA",Y,Y,Y
36482024,3648,2024,GA0380100,GA0380100,,N,N,,I,NEWNAN,NEWNAN PD,Newnan,,A,13,Georgia,GA,GA,5,South Atlantic,3,South,Region III,City,45655,23363,GAUCR0001,Georgia Bureau of Investigation Georgia Crime Information Center,Y,8,4,"Cities from 25,000 thru 49,999",4,"Cities from 25,000 thru 49,999",N,8,,Y,83,1,84,11,13,24,2.1,2.4,2018-01-01,2019-07-01,2019-07-01,2020-01-01,2020-01-01,2020-01-01,N,COWETA,"Atlanta-Sandy Springs-Roswell, GA",Y,Y,Y
36492024,3649,2024,GA0380200,GA0380200,,N,N,,I,GRANTVILLE,GRANTVILLE PD,Grantville,,A,13,Georgia,GA,GA,5,South Atlantic,3,South,Region III,City,3337,23363,GAUCR0001,Georgia Bureau of Investigation Georgia Crime Information Center,Y,10,6,"Cities from 2,500 thru 9,999",6,"Cities from 2,500 thru 9,999",N,10,,Y,10,0,10,1,1,2,3.3,3.6,2018-01-01,2019-10-01,2019-10-01,2020-02-01,2020-02-01,2020-02-01,N,COWETA,"Atlanta-Sandy Springs-Roswell, GA",Y,Y,Y
36502024,3650,2024,GA0380300,GA0380300,,N,N,,I,SENOIA,SENOIA PD,Senoia,,A,13,Georgia,GA,GA,5,South Atlantic,3,South,Region III,City,6263,23363,GAUCR0001,Georgia Bureau of Investigation Georgia Crime Information Center,Y,10,6,"Cities from 2,500 thru 9,999",6,"Cities from 2,500 thru 9,999",N,10,,N,,,,,,,,,2018-01-01,2021-10-01,2021-12-01,2022-02-01,2021-12-01,2021-12-01,N,COWETA,"Atlanta-Sandy Springs-Roswell, GA",Y,Y,Y
36512024,3651,2024,GA0390000,GA0390000,,N,N,,I,CRAWFORD,CRAWFORD CO SO KNOXVILLE,Crawford,,A,13,Georgia,GA,GA,5,South Atlantic,3,South,Region III,County,11612,23363,GAUCR0001,Georgia Bureau of Investigation Georgia Crime Information Center,Y,21,9C,"MSA counties from 10,000 thru 24,999",9,MSA Counties,N,21,,Y,16,3,19,0,16,16,1.4,3.0,2018-01-01,2019-09-01,2019-09-01,2020-09-01,2020-07-01,2020-07-01,N,CRAWFORD,"Macon-Bibb County, GA",Y,Y,Y
36532024,3653,2024,GA0400000,GA0400000,,N,N,,I,CRISP,CRISP CO SO CORDELE,Crisp,,A,13,Georgia,GA,GA,5,South Atlantic,3,South,Region III,County,9815,23363,GAUCR0001,Georgia Bureau of Investigation Georgia Crime Information Center,N,16,8D,"Non-MSA counties under 10,000",8,Non-MSA Counties,N,16,,Y,43,8,51,15,38,53,5.9,10.6,2018-01-01,2018-09-01,2018-09-01,2020-09-01,2020-09-01,2020-09-01,N,CRISP,Not Specified,Y,Y,Y
36542024,3654,2024,GA0400100,GA0400100,,N,N,,I,CORDELE,CORDELE PD,Cordele,,A,13,Georgia,GA,GA,5,South Atlantic,3,South,Region III,City,9762,23363,GAUCR0001,Georgia Bureau of Investigation Georgia Crime Information Center,N,10,6,"Cities from 2,500 thru 9,999",6,"Cities from 2,500 thru 9,999",N,10,,Y,16,2,18,2,12,14,1.8,3.3,2018-01-01,2019-10-01,2019-10-01,2020-08-01,2020-05-01,2020-05-01,N,CRISP,Not Specified,Y,Y,Y
36562024,3656,2024,GA0410000,GA0410000,,N,N,,I,DADE,DADE CO SO TRENTON,Dade,,A,13,Georgia,GA,GA,5,South Atlantic,3,South,Region III,County,13973,23363,GAUCR0001,Georgia Bureau of Investigation Georgia Crime Information Center,Y,21,9C,"MSA counties from 10,000 thru 24,999",9,MSA Counties,N,21,,Y,26,0,26,5,1,6,2.2,2.3,2018-01-01,2024-01-01,2024-01-01,2024-01-01,2024-01-01,2024-01-01,N,DADE,"Chattanooga, TN-GA",Y,Y,Y
36582024,3658,2024,GA0420000,GA0420000,,N,N,,I,DAWSON,DAWSON CO SO DAWSONVILLE,Dawson,,A,13,Georgia,GA,GA,5,South Atlantic,3,South,Region III,County,33607,23363,GAUCR0001,Georgia Bureau of Investigation Georgia Crime Information Center,Y,20,9B,"MSA counties from 25,000 thru 99,999",9,MSA Counties,N,20,,Y,68,12,80,14,22,36,2.4,3.5,2018-01-01,2019-09-01,2019-09-01,2020-03-01,2020-03-01,2021-06-01,N,DAWSON,"Atlanta-Sandy Springs-Roswell, GA",Y,Y,Y
36602024,3660,2024,GA0430000,GA0430000,,N,N,,I,DECATUR,DECATUR COUNTY SHERIFF'S OFFICE,Decatur,,A,13,Georgia,GA,GA,5,South Atlantic,3,South,Region III,County,14286,23363,GAUCR0001,Georgia Bureau of Investigation Georgia Crime Information Center,N,15,8C,"Non-MSA counties from 10,000 thru 24,999",8,Non-MSA Counties,N,15,,Y,29,16,45,0,16,16,2.0,4.3,2018-01-01,2019-10-01,2019-10-01,2020-02-01,2020-02-01,2020-02-01,N,DECATUR,Not Specified,Y,Y,Y
36612024,3661,2024,GA0430100,GA0430100,,N,N,,I,BAINBRIDGE,BAINBRIDGE PD,Bainbridge,,A,13,Georgia,GA,GA,5,South Atlantic,3,South,Region III,City,14402,23363,GAUCR0001,Georgia Bureau of Investigation Georgia Crime Information Center,N,9,5,"Cities from 10,000 thru 24,999",5,"Cities from 10,000 thru 24,999",N,9,,Y,36,6,42,3,2,5,2.7,3.3,2018-01-01,2019-09-01,2019-09-01,2019-12-01,2019-12-01,2019-12-01,N,DECATUR,Not Specified,Y,Y,Y
36642024,3664,2024,GA0430400,GA0430400,,N,N,,I,DECATUR COUNTY SCHOOLS,DECATUR CO SCHOOL POLICE DEPARTMENT,Decatur County Schools,,A,13,Georgia,GA,GA,5,South Atlantic,3,South,Region III,Other,0,23363,GAUCR0001,Georgia Bureau of Investigation Georgia Crime Information Center,N,16,8D,"Non-MSA counties under 10,000",8,Non-MSA Counties,N,16,,Y,5,0,5,2,0,2,0,0,2018-01-01,2019-08-01,2019-08-01,2020-07-01,2020-07-01,2020-07-01,N,DECATUR,Not Specified,Y,Y,Y
36652024,3665,2024,GA0440000,GA0440000,,N,N,,I,DEKALB,DEKALB COUNTY SHERIFF'S OFFICE,DeKalb,,A,13,Georgia,GA,GA,5,South Atlantic,3,South,Region III,County,0,23363,GAUCR0001,Georgia Bureau of Investigation Georgia Crime Information Center,Y,22,9D,"MSA counties under 10,000",9,MSA Counties,N,22,,Y,140,49,189,166,147,313,0,0,2018-01-01,2020-12-01,2021-04-01,2022-02-01,2021-04-01,2021-04-01,N,DEKALB,"Atlanta-Sandy Springs-Roswell, GA",Y,Y,Y
36662024,3666,2024,GA0440100,GA0440100,,N,N,,I,DECATUR,DECATUR PD,Decatur,,A,13,Georgia,GA,GA,5,South Atlantic,3,South,Region III,City,24112,23363,GAUCR0001,Georgia Bureau of Investigation Georgia Crime Information Center,Y,9,5,"Cities from 10,000 thru 24,999",5,"Cities from 10,000 thru 24,999",N,9,,Y,26,1,27,5,10,15,1.3,1.7,2018-01-01,2019-10-01,2019-10-01,2020-07-01,2020-07-01,2020-07-01,N,DEKALB,"Atlanta-Sandy Springs-Roswell, GA",Y,Y,Y
36672024,3667,2024,GA0440200,GA0440200,,N,N,,I,DEKALB COUNTY POLICE DEP,DE KALB COUNTY PD DECATUR,DeKalb County Police Department,,A,13,Georgia,GA,GA,5,South Atlantic,3,South,Region III,County,519479,23363,GAUCR0001,Georgia Bureau of Investigation Georgia Crime Information Center,Y,19,9A,"MSA counties 100,000 or over",9,MSA Counties,Y,19,,Y,424,52,476,110,231,341,1.0,1.6,2018-01-01,2018-01-01,2018-01-01,2020-07-01,2020-07-01,2020-07-01,N,DEKALB,"Atlanta-Sandy Springs-Roswell, GA",Y,Y,Y
36682024,3668,2024,GA0440300,GA0440300,,N,N,,I,AVONDALE ESTATES,AVONDALE ESTATES PD,Avondale Estates,,A,13,Georgia,GA,GA,5,South Atlantic,3,South,Region III,City,3513,23363,GAUCR0001,Georgia Bureau of Investigation Georgia Crime Information Center,Y,10,6,"Cities from 2,500 thru 9,999",6,"Cities from 2,500 thru 9,999",N,10,,Y,13,0,13,2,0,2,4.3,4.3,2018-01-01,2023-12-01,2023-12-01,2023-12-01,2023-12-01,2023-12-01,N,DEKALB,"Atlanta-Sandy Springs-Roswell, GA",Y,Y,Y
36692024,3669,2024,GA0440400,GA0440400,,N,N,,I,CHAMBLEE,CHAMBLEE PD,Chamblee,,A,13,Georgia,GA,GA,5,South Atlantic,3,South,Region III,City,32423,23363,GAUCR0001,Georgia Bureau of Investigation Georgia Crime Information Center,Y,8,4,"Cities from 25,000 thru 49,999",4,"Cities from 25,000 thru 49,999",N,8,,Y,52,0,52,15,15,30,2.1,2.5,2018-01-01,2020-01-01,2021-11-01,2021-11-01,2021-11-01,2021-11-01,N,DEKALB,"Atlanta-Sandy Springs-Roswell, GA",Y,Y,Y
36702024,3670,2024,GA0440500,GA0440500,,N,N,,I,CLARKSTON,CLARKSTON PD,Clarkston,,A,13,Georgia,GA,GA,5,South Atlantic,3,South,Region III,City,14285,23363,GAUCR0001,Georgia Bureau of Investigation Georgia Crime Information Center,Y,9,5,"Cities from 10,000 thru 24,999",5,"Cities from 10,000 thru 24,999",N,9,,Y,16,0,16,1,2,3,1.2,1.3,2018-01-01,2019-08-01,2019-08-01,2019-11-01,2019-11-01,2022-06-01,N,DEKALB,"Atlanta-Sandy Springs-Roswell, GA",Y,Y,Y
36712024,3671,2024,GA0440600,GA0440600,,N,N,,I,DORAVILLE,DORAVILLE PD,Doraville,,A,13,Georgia,GA,GA,5,South Atlantic,3,South,Region III,City,10837,23363,GAUCR0001,Georgia Bureau of Investigation Georgia Crime Information Center,Y,9,5,"Cities from 10,000 thru 24,999",5,"Cities from 10,000 thru 24,999",N,9,,Y,36,10,46,7,11,18,4.0,5.9,2018-01-01,2019-09-01,2019-09-01,2021-02-01,2021-02-01,2021-02-01,N,"DEKALB, GWINNETT","Atlanta-Sandy Springs-Roswell, GA",Y,Y,Y
36722024,3672,2024,GA0440700,GA0440700,,N,N,,I,LITHONIA,LITHONIA PD,Lithonia,,A,13,Georgia,GA,GA,5,South Atlantic,3,South,Region III,City,2558,23363,GAUCR0001,Georgia Bureau of Investigation Georgia Crime Information Center,Y,10,6,"Cities from 2,500 thru 9,999",6,"Cities from 2,500 thru 9,999",N,10,,Y,7,0,7,1,3,4,3.1,4.3,2018-01-01,2019-05-01,2019-05-01,2020-05-01,2020-05-01,2020-05-01,N,DEKALB,"Atlanta-Sandy Springs-Roswell, GA",Y,Y,Y
36742024,3674,2024,GA0440900,GA0440900,,N,N,,I,STONE MOUNTAIN,STONE MOUNTAIN PD,Stone Mountain,,A,13,Georgia,GA,GA,5,South Atlantic,3,South,Region III,City,6505,23363,GAUCR0001,Georgia Bureau of Investigation Georgia Crime Information Center,Y,10,6,"Cities from 2,500 thru 9,999",6,"Cities from 2,500 thru 9,999",N,10,,Y,12,0,12,5,2,7,2.6,2.9,2018-01-01,2019-08-01,2019-08-01,2020-01-01,2020-01-01,2020-01-01,N,DEKALB,"Atlanta-Sandy Springs-Roswell, GA",Y,Y,Y
36762024,3676,2024,GA0441100,GA0441100,,N,N,,I,STONE MOUNTAIN PARK,STONE MOUNTAIN PARK PD STONE MOUNTAIN,Stone Mountain Park,,A,13,Georgia,GA,GA,5,South Atlantic,3,South,Region III,Other,0,23363,GAUCR0001,Georgia Bureau of Investigation Georgia Crime Information Center,Y,11,7,"Cities under 2,500",7,"Cities under 2,500",N,11,,Y,15,1,16,3,2,5,0,0,2018-01-01,2019-09-01,2019-09-01,2019-10-01,2019-10-01,2019-10-01,N,DEKALB,"Atlanta-Sandy Springs-Roswell, GA",Y,Y,Y
36772024,3677,2024,GA044139E,GA0441300,,N,N,,I,AGNES SCOTT COLLEGE,AGNES SCOTT COLLEGE DEPT PUB SFTY DECATUR,Agnes Scott College,,A,13,Georgia,GA,GA,5,South Atlantic,3,South,Region III,University or College,0,23363,GAUCR0001,Georgia Bureau of Investigation Georgia Crime Information Center,Y,11,7,"Cities under 2,500",7,"Cities under 2,500",N,11,,Y,5,0,5,0,3,3,0,0,2018-01-01,2020-01-01,2020-01-01,2021-02-01,2021-02-01,2021-02-01,N,DEKALB,"Atlanta-Sandy Springs-Roswell, GA",Y,Y,Y
36782024,3678,2024,GA044149E,GA0441400,,N,N,,I,EMORY UNIVERSITY,DORAVILLE MARSHALS OFFICE,Emory University,,A,13,Georgia,GA,GA,5,South Atlantic,3,South,Region III,University or College,0,23363,GAUCR0001,Georgia Bureau of Investigation Georgia Crime Information Center,Y,11,7,"Cities under 2,500",7,"Cities under 2,500",N,11,,Y,41,6,47,12,20,32,0,0,2018-01-01,2019-08-01,2019-08-01,2020-01-01,2020-01-01,2020-01-01,N,DEKALB,"Atlanta-Sandy Springs-Roswell, GA",Y,Y,Y
36812024,3681,2024,GA0447100,GA0447100,,N,N,,I,DUNWOODY,DUNWOODY POLICE DEPARTMENT,Dunwoody ,,A,13,Georgia,GA,GA,5,South Atlantic,3,South,Region III,City,51752,23363,GAUCR0001,Georgia Bureau of Investigation Georgia Crime Information Center,N,7,3,"Cities from 50,000 thru 99,999",3,"Cities from 50,000 thru 99,999",N,7,,Y,62,2,64,6,14,20,1.3,1.6,2018-01-01,2018-01-01,2018-01-01,2019-06-01,2019-06-01,2019-06-01,N,DEKALB,"Atlanta-Sandy Springs-Roswell, GA",Y,Y,Y
36832024,3683,2024,GA0450100,GA0450100,,N,N,,I,EASTMAN,EASTMAN PD,Eastman,,A,13,Georgia,GA,GA,5,South Atlantic,3,South,Region III,City,5538,23363,GAUCR0001,Georgia Bureau of Investigation Georgia Crime Information Center,N,10,6,"Cities from 2,500 thru 9,999",6,"Cities from 2,500 thru 9,999",N,10,,Y,10,0,10,4,2,6,2.5,2.9,2018-01-01,2019-09-01,2019-09-01,2020-01-01,2020-01-01,2020-01-01,N,DODGE,Not Specified,Y,Y,Y
36922024,3692,2024,GA0470000,GA0470000,,N,N,,I,DOUGHERTY,DOUGHERTY CO SO ALBANY,Dougherty,,A,13,Georgia,GA,GA,5,South Atlantic,3,South,Region III,County,0,23363,GAUCR0001,Georgia Bureau of Investigation Georgia Crime Information Center,Y,22,9D,"MSA counties under 10,000",9,MSA Counties,N,22,,Y,55,70,125,26,89,115,0,0,2018-01-01,2019-10-01,2019-10-01,2019-12-01,2019-12-01,2019-12-01,N,DOUGHERTY,"Albany, GA",Y,Y,Y
36932024,3693,2024,GA0470100,GA0470100,,N,N,,I,ALBANY,ALBANY PD,Albany,,A,13,Georgia,GA,GA,5,South Atlantic,3,South,Region III,City,66169,23363,GAUCR0001,Georgia Bureau of Investigation Georgia Crime Information Center,N,7,3,"Cities from 50,000 thru 99,999",3,"Cities from 50,000 thru 99,999",N,7,,Y,81,10,91,42,34,76,1.9,2.5,2018-01-01,2019-05-01,2019-05-01,2019-08-01,2019-08-01,2019-08-01,N,DOUGHERTY,"Albany, GA",Y,Y,Y
36942024,3694,2024,GA0470200,GA0470200,,N,N,,I,DOUGHERTY COUNTY POL DPT,DOUGHERTY COUNTY PD ALBANY,Dougherty County Police Department,,A,13,Georgia,GA,GA,5,South Atlantic,3,South,Region III,County,16022,23363,GAUCR0001,Georgia Bureau of Investigation Georgia Crime Information Center,Y,21,9C,"MSA counties from 10,000 thru 24,999",9,MSA Counties,N,21,,Y,26,0,26,10,8,18,2.2,2.7,2018-01-01,2019-09-01,2019-09-01,2019-10-01,2019-10-01,2020-01-01,N,DOUGHERTY,"Albany, GA",Y,Y,Y
36972024,3697,2024,GA0470500,GA0470500,,N,N,,I,DOUGHERTY CO BOARD OF ED,DOUGHERTY CO BRD EDUC DEPT SAFETY & SEC ALBANY,Dougherty County Board of Education,,A,13,Georgia,GA,GA,5,South Atlantic,3,South,Region III,Other,0,23363,GAUCR0001,Georgia Bureau of Investigation Georgia Crime Information Center,Y,22,9D,"MSA counties under 10,000",9,MSA Counties,N,22,,N,,,,,,,0,0,2018-01-01,2019-07-01,2019-07-01,2020-05-01,2020-05-01,2020-05-01,N,DOUGHERTY,"Albany, GA",Y,Y,Y
37002024,3700,2024,GA0480000,GA0480000,,N,N,,I,DOUGLAS,DOUGLAS CO SO DOUGLASVILLE,Douglas,,A,13,Georgia,GA,GA,5,South Atlantic,3,South,Region III,County,102616,23363,GAUCR0001,Georgia Bureau of Investigation Georgia Crime Information Center,Y,19,9A,"MSA counties 100,000 or over",9,MSA Counties,Y,19,,Y,186,53,239,41,75,116,2.2,3.5,2018-01-01,2019-10-01,2019-10-01,2019-11-01,2019-11-01,2020-09-01,N,DOUGLAS,"Atlanta-Sandy Springs-Roswell, GA",Y,Y,Y
37012024,3701,2024,GA0480100,GA0480100,,N,N,,I,DOUGLASVILLE,DOUGLASVILLE PD,Douglasville,,A,13,Georgia,GA,GA,5,South Atlantic,3,South,Region III,City,40595,23363,GAUCR0001,Georgia Bureau of Investigation Georgia Crime Information Center,Y,8,4,"Cities from 25,000 thru 49,999",4,"Cities from 25,000 thru 49,999",N,8,,Y,84,4,88,12,17,29,2.4,2.9,2018-01-01,2019-07-01,2019-07-01,2019-09-01,2019-08-01,2019-09-01,N,DOUGLAS,"Atlanta-Sandy Springs-Roswell, GA",Y,Y,Y
37022024,3702,2024,GA0490000,GA0490000,,N,N,,I,EARLY,EARLY CO SO BLAKELY,Early,,A,13,Georgia,GA,GA,5,South Atlantic,3,South,Region III,County,5048,23363,GAUCR0001,Georgia Bureau of Investigation Georgia Crime Information Center,N,16,8D,"Non-MSA counties under 10,000",8,Non-MSA Counties,N,16,,Y,11,6,17,2,14,16,2.6,6.5,2018-01-01,2019-10-01,2019-10-01,2019-11-01,2019-11-01,2019-11-01,N,EARLY,Not Specified,Y,Y,Y
37032024,3703,2024,GA0490100,GA0490100,,N,N,,I,BLAKELY,BLAKELY PD,Blakely,,A,13,Georgia,GA,GA,5,South Atlantic,3,South,Region III,City,5178,23363,GAUCR0001,Georgia Bureau of Investigation Georgia Crime Information Center,N,10,6,"Cities from 2,500 thru 9,999",6,"Cities from 2,500 thru 9,999",N,10,,Y,10,0,10,3,3,6,2.5,3.1,2018-01-01,2019-07-01,2019-07-01,2019-10-01,2019-10-01,2019-10-01,N,EARLY,Not Specified,Y,Y,Y
37052024,3705,2024,GA0500000,GA0500000,,N,N,,I,ECHOLS,ECHOLS CO SO STATENVILLE,Echols,,A,13,Georgia,GA,GA,5,South Atlantic,3,South,Region III,County,3721,23363,GAUCR0001,Georgia Bureau of Investigation Georgia Crime Information Center,Y,22,9D,"MSA counties under 10,000",9,MSA Counties,N,22,,Y,6,0,6,3,0,3,2.4,2.4,2018-01-01,2018-11-01,2018-11-01,2019-03-01,2019-03-01,2019-03-01,N,ECHOLS,"Valdosta, GA",Y,Y,Y
37062024,3706,2024,GA0510000,GA0510000,,N,N,,I,EFFINGHAM,EFFINGHAM CO SO SPRINGFIELD,Effingham,,A,13,Georgia,GA,GA,5,South Atlantic,3,South,Region III,County,55628,23363,GAUCR0001,Georgia Bureau of Investigation Georgia Crime Information Center,Y,20,9B,"MSA counties from 25,000 thru 99,999",9,MSA Counties,N,20,,Y,73,20,93,19,50,69,1.7,2.9,2018-01-01,2019-10-01,2019-10-01,2020-09-01,2020-05-01,2020-05-01,N,EFFINGHAM,"Savannah, GA",Y,Y,Y
37082024,3708,2024,GA0510200,GA0510200,,N,N,,I,RINCON,RINCON PD,Rincon,,A,13,Georgia,GA,GA,5,South Atlantic,3,South,Region III,City,11833,23363,GAUCR0001,Georgia Bureau of Investigation Georgia Crime Information Center,Y,9,5,"Cities from 10,000 thru 24,999",5,"Cities from 10,000 thru 24,999",N,9,,Y,22,0,22,1,2,3,1.9,2.1,2018-01-01,2019-06-01,2019-06-01,2019-08-01,2019-08-01,2019-08-01,N,EFFINGHAM,"Savannah, GA",Y,Y,Y
37092024,3709,2024,GA0510300,GA0510300,,N,N,,I,SPRINGFIELD,SPRINGFIELD PD,Springfield,,A,13,Georgia,GA,GA,5,South Atlantic,3,South,Region III,City,3507,23363,GAUCR0001,Georgia Bureau of Investigation Georgia Crime Information Center,Y,10,6,"Cities from 2,500 thru 9,999",6,"Cities from 2,500 thru 9,999",N,10,,Y,8,0,8,1,1,2,2.6,2.9,2018-01-01,2019-08-01,2019-08-01,2020-01-01,2020-01-01,2020-01-01,N,EFFINGHAM,"Savannah, GA",Y,Y,Y
37102024,3710,2024,GA0520000,GA0520000,,N,N,,I,ELBERT,ELBERT CO SO ELBERTON,Elbert,,A,13,Georgia,GA,GA,5,South Atlantic,3,South,Region III,County,15390,23363,GAUCR0001,Georgia Bureau of Investigation Georgia Crime Information Center,N,15,8C,"Non-MSA counties from 10,000 thru 24,999",8,Non-MSA Counties,N,15,,Y,26,9,35,2,15,17,1.8,3.4,2018-01-01,2018-01-01,2018-01-01,2020-11-01,2020-11-01,2020-11-01,N,ELBERT,Not Specified,Y,Y,Y
37112024,3711,2024,GA0520100,GA0520100,,N,N,,I,ELBERTON,ELBERTON PD,Elberton,,A,13,Georgia,GA,GA,5,South Atlantic,3,South,Region III,City,4827,23363,GAUCR0001,Georgia Bureau of Investigation Georgia Crime Information Center,N,10,6,"Cities from 2,500 thru 9,999",6,"Cities from 2,500 thru 9,999",N,10,,Y,14,1,15,4,0,4,3.7,3.9,2018-01-01,2018-11-01,2018-11-01,2019-03-01,2019-03-01,2019-03-01,N,ELBERT,Not Specified,Y,Y,Y
37132024,3713,2024,GA0530000,GA0530000,,N,N,,I,EMANUEL,EMANUEL CO SO SWAINSBORO,Emanuel,,A,13,Georgia,GA,GA,5,South Atlantic,3,South,Region III,County,12729,23363,GAUCR0001,Georgia Bureau of Investigation Georgia Crime Information Center,N,15,8C,"Non-MSA counties from 10,000 thru 24,999",8,Non-MSA Counties,N,15,,Y,31,17,48,1,23,24,2.5,5.7,2018-01-01,2019-09-01,2019-09-01,2019-09-01,2019-09-01,2019-09-01,N,EMANUEL,Not Specified,Y,Y,Y
37142024,3714,2024,GA0530100,GA0530100,,N,N,,I,SWAINSBORO,SWAINSBORO,Swainsboro,,A,13,Georgia,GA,GA,5,South Atlantic,3,South,Region III,City,7626,23363,GAUCR0001,Georgia Bureau of Investigation Georgia Crime Information Center,N,10,6,"Cities from 2,500 thru 9,999",6,"Cities from 2,500 thru 9,999",N,10,,Y,18,0,18,4,2,6,2.9,3.1,2018-01-01,2019-08-01,2019-08-01,2020-05-01,2020-05-01,2020-05-01,N,EMANUEL,Not Specified,Y,Y,Y
37192024,3719,2024,GA0540100,GA0540100,,N,N,,I,CLAXTON,CLAXTON PD,Claxton,,A,13,Georgia,GA,GA,5,South Atlantic,3,South,Region III,City,2431,23363,GAUCR0001,Georgia Bureau of Investigation Georgia Crime Information Center,N,11,7,"Cities under 2,500",7,"Cities under 2,500",N,11,,Y,8,0,8,2,6,8,4.1,6.6,2018-01-01,2018-12-01,2018-12-01,2019-06-01,2019-06-01,2019-06-01,N,EVANS,Not Specified,Y,Y,Y
37212024,3721,2024,GA0550000,GA0550000,,N,N,,I,FANNIN,FANNIN CO SO BLUE RIDGE,Fannin,,A,13,Georgia,GA,GA,5,South Atlantic,3,South,Region III,County,25019,23363,GAUCR0001,Georgia Bureau of Investigation Georgia Crime Information Center,N,14,8B,"Non-MSA counties from 25,000 thru 99,999",8,Non-MSA Counties,N,14,,Y,38,18,56,3,15,18,1.6,3.0,2018-01-01,2019-10-01,2019-10-01,2019-11-01,2019-11-01,2019-11-01,N,FANNIN,Not Specified,Y,Y,Y
37252024,3725,2024,GA0560000,GA0560000,,N,N,,I,FAYETTE,FAYETTE CO SO FAYETTEVILLE,Fayette,,A,13,Georgia,GA,GA,5,South Atlantic,3,South,Region III,County,55906,23363,GAUCR0001,Georgia Bureau of Investigation Georgia Crime Information Center,Y,20,9B,"MSA counties from 25,000 thru 99,999",9,MSA Counties,N,20,,Y,113,32,145,27,48,75,2.5,3.9,2018-01-01,2019-10-01,2019-10-01,2019-10-01,2019-10-01,2019-10-01,N,FAYETTE,"Atlanta-Sandy Springs-Roswell, GA",Y,Y,Y
37262024,3726,2024,GA0560100,GA0560100,,N,N,,I,FAYETTEVILLE,FAYETTEVILLE PD,Fayetteville,,A,13,Georgia,GA,GA,5,South Atlantic,3,South,Region III,City,20451,23363,GAUCR0001,Georgia Bureau of Investigation Georgia Crime Information Center,Y,9,5,"Cities from 10,000 thru 24,999",5,"Cities from 10,000 thru 24,999",N,9,,Y,43,0,43,7,7,14,2.4,2.8,2018-01-01,2019-08-01,2019-08-01,2020-03-01,2019-11-01,2020-03-01,N,FAYETTE,"Atlanta-Sandy Springs-Roswell, GA",Y,Y,Y
37272024,3727,2024,GA0560200,GA0560200,,N,N,,I,PEACHTREE CITY,PEACHTREE CITY PD,Peachtree City,,A,13,Georgia,GA,GA,5,South Atlantic,3,South,Region III,City,40820,23363,GAUCR0001,Georgia Bureau of Investigation Georgia Crime Information Center,Y,8,4,"Cities from 25,000 thru 49,999",4,"Cities from 25,000 thru 49,999",N,8,,Y,53,1,54,13,5,18,1.6,1.8,2018-01-01,2019-11-01,2019-11-01,2020-08-01,2020-05-01,2020-05-01,N,FAYETTE,"Atlanta-Sandy Springs-Roswell, GA",Y,Y,Y
37282024,3728,2024,GA0560300,GA0560300,,N,N,,I,TYRONE,TYRONE PD,Tyrone,,A,13,Georgia,GA,GA,5,South Atlantic,3,South,Region III,City,8025,23363,GAUCR0001,Georgia Bureau of Investigation Georgia Crime Information Center,Y,10,6,"Cities from 2,500 thru 9,999",6,"Cities from 2,500 thru 9,999",N,10,,Y,14,0,14,2,0,2,2.0,2.0,2018-01-01,2019-08-01,2019-08-01,2020-01-01,2020-01-01,2020-01-01,N,FAYETTE,"Atlanta-Sandy Springs-Roswell, GA",Y,Y,Y
37292024,3729,2024,GA0560400,GA0560400,,N,N,,I,FAYETTE COUNTY MARSHAL,FAYETTE COUNTY MARSHAL'S OFFICE FAYETTEVILLE,Fayette County Marshal,,A,13,Georgia,GA,GA,5,South Atlantic,3,South,Region III,Other,0,23363,GAUCR0001,Georgia Bureau of Investigation Georgia Crime Information Center,Y,22,9D,"MSA counties under 10,000",9,MSA Counties,N,22,,Y,6,0,6,0,0,0,0,0,2018-01-01,2019-10-01,2019-10-01,,2023-06-01,2023-04-01,N,FAYETTE,"Atlanta-Sandy Springs-Roswell, GA",Y,Y,Y
37302024,3730,2024,GA0570000,GA0570000,,N,N,,I,FLOYD,FLOYD CO SO ROME,Floyd,,A,13,Georgia,GA,GA,5,South Atlantic,3,South,Region III,County,0,23363,GAUCR0001,Georgia Bureau of Investigation Georgia Crime Information Center,Y,22,9D,"MSA counties under 10,000",9,MSA Counties,N,22,,Y,76,57,133,12,44,56,0,0,2018-01-01,2019-10-01,2019-10-01,2020-08-01,2020-08-01,2020-08-01,N,FLOYD,"Rome, GA",Y,Y,Y
37312024,3731,2024,GA0570100,GA0570100,,N,N,,I,FLOYD COUNTY POLICE DEPT,FLOYD COUNTY PD ROME,Floyd County Police Department,,A,13,Georgia,GA,GA,5,South Atlantic,3,South,Region III,County,61596,23363,GAUCR0001,Georgia Bureau of Investigation Georgia Crime Information Center,Y,20,9B,"MSA counties from 25,000 thru 99,999",9,MSA Counties,N,20,,Y,67,0,67,13,6,19,1.3,1.4,2018-01-01,2020-01-01,2020-01-01,2020-10-01,2020-10-01,2020-10-01,N,FLOYD,"Rome, GA",Y,Y,Y
37322024,3732,2024,GA0570200,GA0570200,,N,N,,I,ROME,ROME PD,Rome,,A,13,Georgia,GA,GA,5,South Atlantic,3,South,Region III,City,38257,23363,GAUCR0001,Georgia Bureau of Investigation Georgia Crime Information Center,N,8,4,"Cities from 25,000 thru 49,999",4,"Cities from 25,000 thru 49,999",N,8,,Y,75,1,76,9,9,18,2.2,2.5,2018-01-01,2020-05-01,2020-05-01,2020-08-01,2020-08-01,2020-08-01,N,FLOYD,"Rome, GA",Y,Y,Y
37332024,3733,2024,GA0570300,GA0570300,,N,N,,I,CAVE SPRING,CAVE SPRING PD,Cave Spring,,A,13,Georgia,GA,GA,5,South Atlantic,3,South,Region III,City,1210,23363,GAUCR0001,Georgia Bureau of Investigation Georgia Crime Information Center,Y,11,7,"Cities under 2,500",7,"Cities under 2,500",N,11,,Y,2,0,2,1,0,1,2.5,2.5,2018-01-01,2019-03-01,2019-03-01,2020-01-01,2020-01-01,2020-01-01,N,FLOYD,"Rome, GA",Y,Y,Y
37352024,3735,2024,GA057069E,GA0570600,,N,N,,I,BERRY COLLEGE,BERRY COLLEGE,Berry College,,A,13,Georgia,GA,GA,5,South Atlantic,3,South,Region III,University or College,0,23363,GAUCR0001,Georgia Bureau of Investigation Georgia Crime Information Center,Y,11,7,"Cities under 2,500",7,"Cities under 2,500",N,11,,Y,7,1,8,2,4,6,0,0,2018-01-01,2019-06-01,2019-06-01,2019-07-01,2019-07-01,2019-07-01,N,FLOYD,"Rome, GA",Y,Y,Y
37362024,3736,2024,GA0580000,GA0580000,,N,N,,I,FORSYTH,FORSYTH CO SO CUMMING,Forsyth,,A,13,Georgia,GA,GA,5,South Atlantic,3,South,Region III,County,270757,23363,GAUCR0001,Georgia Bureau of Investigation Georgia Crime Information Center,Y,19,9A,"MSA counties 100,000 or over",9,MSA Counties,Y,19,,Y,330,70,400,63,22,85,1.5,1.8,2018-01-01,2019-08-01,2019-08-01,2019-10-01,2019-10-01,2019-10-01,N,FORSYTH,"Atlanta-Sandy Springs-Roswell, GA",Y,Y,Y
37392024,3739,2024,GA0580300,GA0580300,,N,N,,I,FORSYTH CO FIRE INVES UN,FORSYTH COUNTY FIRE INVESTIGATION UNIT,Forsyth County Fire Investigation Unit,,A,13,Georgia,GA,GA,5,South Atlantic,3,South,Region III,Other,0,23363,GAUCR0001,Georgia Bureau of Investigation Georgia Crime Information Center,Y,22,9D,"MSA counties under 10,000",9,MSA Counties,N,22,,Y,3,0,3,1,0,1,0,0,2018-01-01,2019-07-01,2019-07-01,,2019-08-01,2020-01-01,N,FORSYTH,"Atlanta-Sandy Springs-Roswell, GA",Y,Y,Y
37402024,3740,2024,GA0590000,GA0590000,,N,N,,I,FRANKLIN,FRANKLIN CO SO CARNESVILLE,Franklin,,A,13,Georgia,GA,GA,5,South Atlantic,3,South,Region III,County,19289,23363,GAUCR0001,Georgia Bureau of Investigation Georgia Crime Information Center,N,15,8C,"Non-MSA counties from 10,000 thru 24,999",8,Non-MSA Counties,N,15,,Y,30,10,40,5,18,23,1.8,3.3,2018-01-01,2019-10-01,2019-10-01,2019-11-01,2019-11-01,2019-11-01,N,FRANKLIN,Not Specified,Y,Y,Y
37422024,3742,2024,GA0590200,GA0590200,,N,N,,I,LAVONIA,LAVONIA PD,Lavonia,,A,13,Georgia,GA,GA,5,South Atlantic,3,South,Region III,City,2179,23363,GAUCR0001,Georgia Bureau of Investigation Georgia Crime Information Center,N,11,7,"Cities under 2,500",7,"Cities under 2,500",N,11,,Y,14,0,14,3,0,3,7.8,7.8,2018-01-01,2019-09-01,2019-09-01,2019-10-01,2019-10-01,2019-10-01,N,FRANKLIN,Not Specified,Y,Y,Y
37442024,3744,2024,GA0590400,GA0590400,,N,N,,I,CANON,CANON,Canon,,A,13,Georgia,GA,GA,5,South Atlantic,3,South,Region III,City,705,23363,GAUCR0001,Georgia Bureau of Investigation Georgia Crime Information Center,N,11,7,"Cities under 2,500",7,"Cities under 2,500",N,11,,Y,1,0,1,0,0,0,1.4,1.4,2018-01-01,2019-09-01,2019-09-01,2021-10-01,2019-12-01,2020-02-01,N,"FRANKLIN, HART",Not Specified,Y,Y,Y
37452024,3745,2024,GA0590500,GA0590500,,N,N,,I,FRANKLIN SPRINGS,FRANKLIN SPRINGS PD FRANKLIN SPRINGS,Franklin Springs,,A,13,Georgia,GA,GA,5,South Atlantic,3,South,Region III,City,1199,23363,GAUCR0001,Georgia Bureau of Investigation Georgia Crime Information Center,N,11,7,"Cities under 2,500",7,"Cities under 2,500",N,11,,Y,2,0,2,0,0,0,1.7,1.7,2018-01-01,2018-12-01,2018-12-01,2019-06-01,2019-06-01,2020-03-01,N,FRANKLIN,Not Specified,Y,Y,Y
37462024,3746,2024,GA0600000,GA0600000,,N,N,,I,FULTON,FULTON CO SO ATLANTA,Fulton,,A,13,Georgia,GA,GA,5,South Atlantic,3,South,Region III,County,0,23363,GAUCR0001,Georgia Bureau of Investigation Georgia Crime Information Center,Y,22,9D,"MSA counties under 10,000",9,MSA Counties,N,22,,Y,238,162,400,145,358,503,0,0,2018-01-01,2019-10-01,2019-10-01,2020-09-01,2020-09-01,2020-09-01,N,FULTON,"Atlanta-Sandy Springs-Roswell, GA",Y,Y,Y
37472024,3747,2024,GA0600100,GA0600100,,N,N,,I,COLLEGE PARK,COLLEGE PARK PD,College Park,,A,13,Georgia,GA,GA,5,South Atlantic,3,South,Region III,City,13916,23363,GAUCR0001,Georgia Bureau of Investigation Georgia Crime Information Center,Y,9,5,"Cities from 10,000 thru 24,999",5,"Cities from 10,000 thru 24,999",N,9,,Y,46,14,60,21,20,41,4.8,7.3,2018-01-01,2019-09-01,2019-09-01,2020-02-01,2020-02-01,2020-02-01,N,"CLAYTON, FULTON","Atlanta-Sandy Springs-Roswell, GA",Y,Y,Y
37482024,3748,2024,GA0600200,GA0600200,,N,N,,I,EAST POINT,EAST POINT PD,East Point,,A,13,Georgia,GA,GA,5,South Atlantic,3,South,Region III,City,38222,23363,GAUCR0001,Georgia Bureau of Investigation Georgia Crime Information Center,Y,8,4,"Cities from 25,000 thru 49,999",4,"Cities from 25,000 thru 49,999",N,8,,Y,96,15,111,28,31,59,3.2,4.4,2018-01-01,2019-10-01,2019-10-01,2021-06-01,2020-03-01,2020-03-01,N,FULTON,"Atlanta-Sandy Springs-Roswell, GA",Y,Y,Y
37492024,3749,2024,GA0600300,GA0600300,,N,N,,I,HAPEVILLE,HAPEVILLE PD,Hapeville,,A,13,Georgia,GA,GA,5,South Atlantic,3,South,Region III,City,6770,23363,GAUCR0001,Georgia Bureau of Investigation Georgia Crime Information Center,Y,10,6,"Cities from 2,500 thru 9,999",6,"Cities from 2,500 thru 9,999",N,10,,Y,22,1,23,6,9,15,4.1,5.6,2018-01-01,2019-11-01,2019-11-01,2021-03-01,2021-03-01,2021-03-01,N,FULTON,"Atlanta-Sandy Springs-Roswell, GA",Y,Y,Y
37502024,3750,2024,GA0600400,GA0600400,,N,N,,I,ALPHARETTA,ALPHARETTA PD,Alpharetta,,A,13,Georgia,GA,GA,5,South Atlantic,3,South,Region III,City,67788,23363,GAUCR0001,Georgia Bureau of Investigation Georgia Crime Information Center,N,7,3,"Cities from 50,000 thru 99,999",3,"Cities from 50,000 thru 99,999",N,7,,Y,96,16,112,17,36,53,1.7,2.4,2018-01-01,2019-03-01,2019-03-01,2019-11-01,2019-11-01,2019-11-01,N,FULTON,"Atlanta-Sandy Springs-Roswell, GA",Y,Y,Y
37512024,3751,2024,GA0600500,GA0600500,,N,N,,I,ROSWELL,ROSWELL PD,Roswell,,A,13,Georgia,GA,GA,5,South Atlantic,3,South,Region III,City,91789,23363,GAUCR0001,Georgia Bureau of Investigation Georgia Crime Information Center,N,7,3,"Cities from 50,000 thru 99,999",3,"Cities from 50,000 thru 99,999",N,7,,Y,142,9,151,21,40,61,1.8,2.3,2018-01-01,2019-08-01,2019-08-01,2020-01-01,2020-01-01,2020-01-01,N,FULTON,"Atlanta-Sandy Springs-Roswell, GA",Y,Y,Y
37532024,3753,2024,GA0600700,GA0600700,,N,N,,I,FAIRBURN,FAIRBURN PD,Fairburn,,A,13,Georgia,GA,GA,5,South Atlantic,3,South,Region III,City,16784,23363,GAUCR0001,Georgia Bureau of Investigation Georgia Crime Information Center,Y,9,5,"Cities from 10,000 thru 24,999",5,"Cities from 10,000 thru 24,999",N,9,,Y,38,0,38,7,9,16,2.7,3.2,2018-01-01,2019-10-01,2019-10-01,2020-03-01,2020-03-01,2020-03-01,N,FULTON,"Atlanta-Sandy Springs-Roswell, GA",Y,Y,Y
37542024,3754,2024,GA0600800,GA0600800,,N,N,,I,PALMETTO,PALMETTO PD,Palmetto,,A,13,Georgia,GA,GA,5,South Atlantic,3,South,Region III,City,5024,23363,GAUCR0001,Georgia Bureau of Investigation Georgia Crime Information Center,Y,10,6,"Cities from 2,500 thru 9,999",6,"Cities from 2,500 thru 9,999",N,10,,Y,14,0,14,2,2,4,3.2,3.6,2018-01-01,2019-09-01,2019-09-01,2020-01-01,2020-01-01,2020-01-01,N,"COWETA, FULTON","Atlanta-Sandy Springs-Roswell, GA",Y,Y,Y
37552024,3755,2024,GA0600900,GA0600900,,N,N,,I,GEORGIA STATE UNIVERSITY,GEORGIA STATE UNIVERSITY PD ATLANTA,Georgia State University,,A,13,Georgia,GA,GA,5,South Atlantic,3,South,Region III,University or College,0,23363,GAUCR0001,Georgia Bureau of Investigation Georgia Crime Information Center,Y,11,7,"Cities under 2,500",7,"Cities under 2,500",N,11,,Y,76,64,140,29,67,96,0,0,2018-01-01,2019-05-01,2019-05-01,2020-02-01,2020-02-01,2020-02-01,N,FULTON,"Atlanta-Sandy Springs-Roswell, GA",Y,Y,Y
37562024,3756,2024,GA0601000,GA0601000,,N,N,,I,GEORGIA INSTITUTE OF TEC,GEORGIA TECH PD ATLANTA,Georgia Institute of Technology,,A,13,Georgia,GA,GA,5,South Atlantic,3,South,Region III,University or College,0,23363,GAUCR0001,Georgia Bureau of Investigation Georgia Crime Information Center,Y,11,7,"Cities under 2,500",7,"Cities under 2,500",N,11,,Y,43,31,74,11,27,38,0,0,2018-01-01,2019-10-01,2019-10-01,2020-01-01,2020-01-01,2020-01-01,N,FULTON,"Atlanta-Sandy Springs-Roswell, GA",Y,Y,Y
37572024,3757,2024,GA0601300,GA0601300,,N,N,,I,FULTON COUNTY POLICE DPT,FULTON COUNTY PD ATLANTA,Fulton County Police Department,,A,13,Georgia,GA,GA,5,South Atlantic,3,South,Region III,County,0,23363,GAUCR0001,Georgia Bureau of Investigation Georgia Crime Information Center,Y,22,9D,"MSA counties under 10,000",9,MSA Counties,N,22,,Y,34,10,44,9,29,38,0,0,2018-01-01,2019-08-01,2019-08-01,2020-05-01,2020-05-01,2020-05-01,N,FULTON,"Atlanta-Sandy Springs-Roswell, GA",Y,Y,Y
37612024,3761,2024,GA0602000,GA0602000,,N,N,,I,GA DEPT TRANS OFF INVEST,GA DOT OFFICE OF INVESTIGATIONS,Georgia Department of Transportation,Office of Investigations,A,13,Georgia,GA,GA,5,South Atlantic,3,South,Region III,Other State Agency,0,23363,GAUCR0001,Georgia Bureau of Investigation Georgia Crime Information Center,Y,22,9D,"MSA counties under 10,000",9,MSA Counties,N,22,,Y,4,0,4,0,0,0,0,0,2018-01-01,2019-10-01,2019-10-01,,,,N,FULTON,"Atlanta-Sandy Springs-Roswell, GA",Y,Y,Y
37622024,3762,2024,GA0602100,GA0602100,,N,N,,I,METRO ATLANTA RAPID TR A,METRO ATLANTA RAPID TRANSIT AUTH PD ATLANTA,Metropolitan Atlanta Rapid Transit Authority,,A,13,Georgia,GA,GA,5,South Atlantic,3,South,Region III,Other,0,23363,GAUCR0001,Georgia Bureau of Investigation Georgia Crime Information Center,Y,11,7,"Cities under 2,500",7,"Cities under 2,500",N,11,,Y,168,35,203,76,65,141,0,0,2018-01-01,2019-10-01,2019-10-01,2022-02-01,2020-05-01,2020-05-01,N,FULTON,"Atlanta-Sandy Springs-Roswell, GA",Y,Y,Y
37632024,3763,2024,GA060240X,GA0602400,,N,N,,I,HRTSFLD-JCKSN ATL INT AP,HRTSFLD-JCKSN ATL INT AP,Hartsfield-Jackson Atlanta International Airport,,A,13,Georgia,GA,GA,5,South Atlantic,3,South,Region III,Other,0,23363,GAUCR0001,Georgia Bureau of Investigation Georgia Crime Information Center,Y,11,7,"Cities under 2,500",7,"Cities under 2,500",N,11,,Y,126,2,128,18,2,20,0,0,2018-01-01,2021-06-01,2021-06-01,2021-06-01,2021-06-01,2021-06-01,N,FULTON,"Atlanta-Sandy Springs-Roswell, GA",Y,Y,Y
37652024,3765,2024,GA0602700,GA0602700,,N,N,,I,FULTON COUNTY MARSHAL,FULTON CO MARSHALLS DEPT ATLANTA,Fulton County Marshal,,A,13,Georgia,GA,GA,5,South Atlantic,3,South,Region III,Other,0,23363,GAUCR0001,Georgia Bureau of Investigation Georgia Crime Information Center,Y,22,9D,"MSA counties under 10,000",9,MSA Counties,N,22,,Y,33,1,34,18,13,31,0,0,2018-01-01,2019-10-01,2019-10-01,2019-11-01,2019-11-01,2020-02-01,N,FULTON,"Atlanta-Sandy Springs-Roswell, GA",Y,Y,Y
37712024,3771,2024,GA060369E,GA0603600,,N,N,,I,SPELMAN COLLEGE,SPELMAN COLLEGE DEPT OF PUBLIC SAFETY ATLANTA,Spelman College,,A,13,Georgia,GA,GA,5,South Atlantic,3,South,Region III,University or College,0,23363,GAUCR0001,Georgia Bureau of Investigation Georgia Crime Information Center,Y,11,7,"Cities under 2,500",7,"Cities under 2,500",N,11,,Y,17,5,22,3,3,6,0,0,2018-01-01,2019-10-01,2019-10-01,2019-11-01,2019-11-01,2019-11-01,N,FULTON,"Atlanta-Sandy Springs-Roswell, GA",Y,Y,Y
37722024,3772,2024,GA0603700,GA0603700,,N,N,,I,FULTON COUNTY SCH SYSTEM,FULTON CO SCHOOL SYST CAMPUS POL ATLANTA,Fulton County School System,,A,13,Georgia,GA,GA,5,South Atlantic,3,South,Region III,Other,0,23363,GAUCR0001,Georgia Bureau of Investigation Georgia Crime Information Center,Y,22,9D,"MSA counties under 10,000",9,MSA Counties,N,22,,Y,65,1,66,15,1,16,0,0,2018-01-01,2019-08-01,2019-08-01,2020-02-01,2020-02-01,2020-02-01,N,FULTON,"Atlanta-Sandy Springs-Roswell, GA",Y,Y,Y
37732024,3773,2024,GA0603800,GA0603800,,N,N,,I,GEORGIA WORLD CONGRESS,GA WORLD CONGRESS CENTER POLICE DEPT ATLANTA,Georgia World Congress,,A,13,Georgia,GA,GA,5,South Atlantic,3,South,Region III,Other State Agency,0,23363,GAUCR0001,Georgia Bureau of Investigation Georgia Crime Information Center,Y,22,9D,"MSA counties under 10,000",9,MSA Counties,N,22,,Y,14,7,21,3,10,13,0,0,2018-01-01,2019-10-01,2019-10-01,2019-12-01,2019-12-01,2019-12-01,N,FULTON,"Atlanta-Sandy Springs-Roswell, GA",Y,Y,Y
37762024,3776,2024,GA0604400,GA0604400,,N,N,,I,MOREHOUSE COLLEGE,OFF OF CONSUMER AFFAIRS GEORGIA CRIMINAL DIV,Morehouse College,,A,13,Georgia,GA,GA,5,South Atlantic,3,South,Region III,University or College,0,23363,GAUCR0001,Georgia Bureau of Investigation Georgia Crime Information Center,Y,11,7,"Cities under 2,500",7,"Cities under 2,500",N,11,,Y,15,9,24,3,7,10,0,0,2018-01-01,2019-01-01,2019-01-01,2020-01-01,2020-01-01,2020-01-01,N,FULTON,"Atlanta-Sandy Springs-Roswell, GA",Y,Y,Y
37782024,3778,2024,GA060495Y,GA0604900,,N,N,,I,ST BRD WRKRS COMP FID,ST BRD WRKRS COMP FID,State Board of Workers Compensation Fraud Investigation Division,,A,13,Georgia,GA,GA,5,South Atlantic,3,South,Region III,Other State Agency,0,23363,GAUCR0001,Georgia Bureau of Investigation Georgia Crime Information Center,Y,22,9D,"MSA counties under 10,000",9,MSA Counties,N,22,,Y,4,0,4,3,3,6,0,0,2018-01-01,2019-11-01,2019-11-01,2019-12-01,2019-12-01,2019-12-01,N,FULTON,"Atlanta-Sandy Springs-Roswell, GA",Y,Y,Y
37792024,3779,2024,GA0605400,GA0605400,,N,N,,I,ATLANTA PUBLIC SCHOOLS,ATLANTA PUBLIC SCHOOLS POLICE DEPARTMENT,Atlanta Public Schools,,A,13,Georgia,GA,GA,5,South Atlantic,3,South,Region III,Other,0,23363,GAUCR0001,Georgia Bureau of Investigation Georgia Crime Information Center,Y,11,7,"Cities under 2,500",7,"Cities under 2,500",N,11,,Y,70,1,71,35,9,44,0,0,2018-01-01,2019-06-01,2019-06-01,2019-10-01,2019-10-01,2019-10-01,N,FULTON,"Atlanta-Sandy Springs-Roswell, GA",Y,Y,Y
37802024,3780,2024,GA0605600,GA0605600,,N,N,,I,SANDY SPRINGS,SANDY SPRINGS POLICE DEPARTMENT,Sandy Springs,,A,13,Georgia,GA,GA,5,South Atlantic,3,South,Region III,City,105580,23363,GAUCR0001,Georgia Bureau of Investigation Georgia Crime Information Center,N,6,2,"Cities from 100,000 thru 249,999",2,"Cities from 100,000 thru 249,999",Y,6,,Y,135,7,142,15,22,37,1.4,1.7,2018-01-01,2018-01-01,2018-01-01,2019-08-01,2019-08-01,2019-08-01,N,FULTON,"Atlanta-Sandy Springs-Roswell, GA",Y,Y,Y
37812024,3781,2024,GA0605700,GA0605700,,N,N,,I,MILTON,MILTON POLICE DEPARTMENT,Milton,,A,13,Georgia,GA,GA,5,South Atlantic,3,South,Region III,City,41603,23363,GAUCR0001,Georgia Bureau of Investigation Georgia Crime Information Center,Y,8,4,"Cities from 25,000 thru 49,999",4,"Cities from 25,000 thru 49,999",N,8,,Y,41,0,41,7,5,12,1.2,1.3,2018-01-01,2019-08-01,2019-08-01,2019-11-01,2019-11-01,2019-11-01,N,FULTON,"Atlanta-Sandy Springs-Roswell, GA",Y,Y,Y
37822024,3782,2024,GA0605800,GA0605800,,N,N,,I,JOHNS CREEK,JOHNS CREEK POLICE DEPARTMENT,Johns Creek,,A,13,Georgia,GA,GA,5,South Atlantic,3,South,Region III,City,81056,23363,GAUCR0001,Georgia Bureau of Investigation Georgia Crime Information Center,N,7,3,"Cities from 50,000 thru 99,999",3,"Cities from 50,000 thru 99,999",N,7,,Y,72,5,77,10,11,21,1.0,1.2,2018-01-01,2019-08-01,2019-08-01,2020-03-01,2020-03-01,2020-03-01,N,FULTON,"Atlanta-Sandy Springs-Roswell, GA",Y,Y,Y
37852024,3785,2024,GA0610000,GA0610000,,N,N,,I,GILMER,GILMER CO SO ELLIJAY,Gilmer,,A,13,Georgia,GA,GA,5,South Atlantic,3,South,Region III,County,29719,23363,GAUCR0001,Georgia Bureau of Investigation Georgia Crime Information Center,N,14,8B,"Non-MSA counties from 25,000 thru 99,999",8,Non-MSA Counties,N,14,,Y,55,17,72,10,31,41,2.2,3.8,2018-01-01,2019-09-01,2019-09-01,2019-11-01,2019-11-01,2019-11-01,N,GILMER,Not Specified,Y,Y,Y
37862024,3786,2024,GA0610100,GA0610100,,N,N,,I,ELLIJAY,ELLIJAY PD,Ellijay,,A,13,Georgia,GA,GA,5,South Atlantic,3,South,Region III,City,1978,23363,GAUCR0001,Georgia Bureau of Investigation Georgia Crime Information Center,N,11,7,"Cities under 2,500",7,"Cities under 2,500",N,11,,Y,10,0,10,0,1,1,5.1,5.6,2018-01-01,2019-10-01,2019-10-01,2019-11-01,2019-11-01,2020-02-01,N,GILMER,Not Specified,Y,Y,Y
37882024,3788,2024,GA0610300,GA0610300,,N,N,,I,EAST ELLIJAY,EAST ELLIJAY PD EAST ELLIJAY,East Ellijay,,A,13,Georgia,GA,GA,5,South Atlantic,3,South,Region III,City,1799,23363,GAUCR0001,Georgia Bureau of Investigation Georgia Crime Information Center,N,11,7,"Cities under 2,500",7,"Cities under 2,500",N,11,,Y,8,4,12,0,4,4,4.4,8.9,2018-01-01,2019-12-01,2019-12-01,2021-03-01,2021-03-01,2021-03-01,N,GILMER,Not Specified,Y,Y,Y
37892024,3789,2024,GA0620000,GA0620000,,N,N,,I,GLASCOCK,GLASCOCK CO SO GIBSON,Glascock,,A,13,Georgia,GA,GA,5,South Atlantic,3,South,Region III,County,2986,23363,GAUCR0001,Georgia Bureau of Investigation Georgia Crime Information Center,N,16,8D,"Non-MSA counties under 10,000",8,Non-MSA Counties,N,16,,Y,5,0,5,1,1,2,2.0,2.3,2018-01-01,2019-10-01,2019-10-01,2020-08-01,2020-08-01,2020-08-01,N,GLASCOCK,Not Specified,Y,Y,Y
37932024,3793,2024,GA0630200,GA0630200,,N,N,,I,GLYNN COUNTY POLICE DEPT,GLYNN COUNTY PD BRUNSWICK,Glynn County Police Department,,A,13,Georgia,GA,GA,5,South Atlantic,3,South,Region III,County,71649,23363,GAUCR0001,Georgia Bureau of Investigation Georgia Crime Information Center,Y,20,9B,"MSA counties from 25,000 thru 99,999",9,MSA Counties,N,20,,Y,83,1,84,10,15,25,1.3,1.5,2018-01-01,2019-05-01,2019-05-01,2019-07-01,2019-07-01,2019-07-01,N,GLYNN,"Brunswick-St. Simons, GA",Y,Y,Y
37942024,3794,2024,GA0630300,GA0630300,,N,N,,I,COL OF COASTAL GEORGIA,CAMPUS POLICE BRUNSWICK JR COLLEGE BRUNSWICK,College of Coastal Georgia,,A,13,Georgia,GA,GA,5,South Atlantic,3,South,Region III,University or College,0,23363,GAUCR0001,Georgia Bureau of Investigation Georgia Crime Information Center,Y,11,7,"Cities under 2,500",7,"Cities under 2,500",N,11,,Y,11,0,11,3,0,3,0,0,2018-01-01,2019-08-01,2019-08-01,2019-12-01,2019-12-01,2019-12-01,N,GLYNN,"Brunswick-St. Simons, GA",Y,Y,Y
37962024,3796,2024,GA0630600,GA0630600,,N,N,,I,GLYNN CNTY SCHL SYSTEM,GLYNN COUNTY SCHOOL POLICE DEPARTMENT,Glynn County School System,,A,13,Georgia,GA,GA,5,South Atlantic,3,South,Region III,Other,0,23363,GAUCR0001,Georgia Bureau of Investigation Georgia Crime Information Center,Y,22,9D,"MSA counties under 10,000",9,MSA Counties,N,22,,Y,17,0,17,9,1,10,0,0,2018-01-01,2019-09-01,2019-09-01,2019-12-01,2019-10-01,2019-12-01,N,GLYNN,"Brunswick-St. Simons, GA",Y,Y,Y
37972024,3797,2024,GA0640000,GA0640000,,N,N,,I,GORDON,GORDON CO SO CALHOUN,Gordon,,A,13,Georgia,GA,GA,5,South Atlantic,3,South,Region III,County,40389,23363,GAUCR0001,Georgia Bureau of Investigation Georgia Crime Information Center,N,14,8B,"Non-MSA counties from 25,000 thru 99,999",8,Non-MSA Counties,N,14,,Y,76,31,107,6,17,23,2.0,3.2,2018-01-01,2018-12-01,2018-12-01,2019-10-01,2019-10-01,2019-10-01,N,GORDON,Not Specified,Y,Y,Y
38022024,3802,2024,GA0650000,GA0650000,,N,N,,I,GRADY,GRADY CO SO CAIRO,Grady,,A,13,Georgia,GA,GA,5,South Atlantic,3,South,Region III,County,15806,23363,GAUCR0001,Georgia Bureau of Investigation Georgia Crime Information Center,N,15,8C,"Non-MSA counties from 10,000 thru 24,999",8,Non-MSA Counties,N,15,,Y,23,11,34,1,11,12,1.5,2.9,2018-01-01,2019-10-01,2019-10-01,2020-11-01,2020-11-01,2020-11-01,N,GRADY,Not Specified,Y,Y,Y
38032024,3803,2024,GA0650100,GA0650100,,N,N,,I,CAIRO,CAIRO PD,Cairo,,A,13,Georgia,GA,GA,5,South Atlantic,3,South,Region III,City,9953,23363,GAUCR0001,Georgia Bureau of Investigation Georgia Crime Information Center,N,10,6,"Cities from 2,500 thru 9,999",6,"Cities from 2,500 thru 9,999",N,10,,Y,19,0,19,2,3,5,2.1,2.4,2018-01-01,2019-04-01,2019-04-01,2020-10-01,2020-04-01,2020-04-01,N,GRADY,Not Specified,Y,Y,Y
38062024,3806,2024,GA0660000,GA0660000,,N,N,,I,GREENE,GREENE CO SO GREENSBORO,Greene,,A,13,Georgia,GA,GA,5,South Atlantic,3,South,Region III,County,17814,23363,GAUCR0001,Georgia Bureau of Investigation Georgia Crime Information Center,N,15,8C,"Non-MSA counties from 10,000 thru 24,999",8,Non-MSA Counties,N,15,,Y,30,8,38,2,10,12,1.8,2.8,2018-01-01,2020-01-01,2020-01-01,2021-03-01,2021-03-01,2021-03-01,N,GREENE,Not Specified,Y,Y,Y
38072024,3807,2024,GA0660100,GA0660100,,N,N,,I,GREENSBORO,GREENSBORO PD,Greensboro,,A,13,Georgia,GA,GA,5,South Atlantic,3,South,Region III,City,3598,23363,GAUCR0001,Georgia Bureau of Investigation Georgia Crime Information Center,N,10,6,"Cities from 2,500 thru 9,999",6,"Cities from 2,500 thru 9,999",N,10,,Y,17,0,17,2,4,6,5.3,6.4,2018-01-01,2019-09-01,2019-09-01,2019-11-01,2019-11-01,2019-11-01,N,GREENE,Not Specified,Y,Y,Y
38122024,3812,2024,GA0670000,GA0670000,,N,N,,I,GWINNETT,GWINNETT CO SO LAWRENCEVILLE,Gwinnett,,A,13,Georgia,GA,GA,5,South Atlantic,3,South,Region III,County,0,23363,GAUCR0001,Georgia Bureau of Investigation Georgia Crime Information Center,Y,22,9D,"MSA counties under 10,000",9,MSA Counties,N,22,,Y,284,44,328,117,120,237,0,0,2018-01-01,2022-01-01,2022-01-01,2022-01-01,2023-06-01,2022-01-01,N,GWINNETT,"Atlanta-Sandy Springs-Roswell, GA",Y,Y,Y
38142024,3814,2024,GA0670200,GA0670200,,N,N,,I,GWINNETT COUNTY POL DEPT,GWINNETT COUNTY PD LAWRENCEVILLE,Gwinnett County Police Department,,A,13,Georgia,GA,GA,5,South Atlantic,3,South,Region III,County,842999,23363,GAUCR0001,Georgia Bureau of Investigation Georgia Crime Information Center,Y,19,9A,"MSA counties 100,000 or over",9,MSA Counties,Y,19,,Y,629,60,689,86,246,332,0.8,1.2,2018-01-01,2020-01-01,2022-05-01,2022-05-01,2022-05-01,2022-05-01,N,GWINNETT,"Atlanta-Sandy Springs-Roswell, GA",Y,Y,Y
38152024,3815,2024,GA0670300,GA0670300,,N,N,,I,LAWRENCEVILLE,LAWRENCEVILLE PD,Lawrenceville,,A,13,Georgia,GA,GA,5,South Atlantic,3,South,Region III,City,31160,23363,GAUCR0001,Georgia Bureau of Investigation Georgia Crime Information Center,Y,8,4,"Cities from 25,000 thru 49,999",4,"Cities from 25,000 thru 49,999",N,8,,Y,68,4,72,12,17,29,2.6,3.2,2018-01-01,2021-01-01,2021-08-01,2021-08-01,2021-08-01,2021-08-01,N,GWINNETT,"Atlanta-Sandy Springs-Roswell, GA",Y,Y,Y
38172024,3817,2024,GA0670500,GA0670500,,N,N,,I,DULUTH,DULUTH PD,Duluth,,A,13,Georgia,GA,GA,5,South Atlantic,3,South,Region III,City,32511,23363,GAUCR0001,Georgia Bureau of Investigation Georgia Crime Information Center,Y,8,4,"Cities from 25,000 thru 49,999",4,"Cities from 25,000 thru 49,999",N,8,,Y,48,7,55,6,19,25,1.7,2.5,2018-01-01,2019-09-01,2019-09-01,2019-11-01,2019-11-01,2019-11-01,N,GWINNETT,"Atlanta-Sandy Springs-Roswell, GA",Y,Y,Y
38182024,3818,2024,GA0670600,GA0670600,,N,N,,I,LILBURN,LILBURN PD,Lilburn,,A,13,Georgia,GA,GA,5,South Atlantic,3,South,Region III,City,16426,23363,GAUCR0001,Georgia Bureau of Investigation Georgia Crime Information Center,Y,9,5,"Cities from 10,000 thru 24,999",5,"Cities from 10,000 thru 24,999",N,9,,Y,30,2,32,4,6,10,2.1,2.6,2018-01-01,2018-12-01,2018-12-01,2019-06-01,2019-06-01,2019-06-01,N,GWINNETT,"Atlanta-Sandy Springs-Roswell, GA",Y,Y,Y
38192024,3819,2024,GA0670700,GA0670700,,N,N,,I,NORCROSS,NORCROSS PD,Norcross,,A,13,Georgia,GA,GA,5,South Atlantic,3,South,Region III,City,18213,23363,GAUCR0001,Georgia Bureau of Investigation Georgia Crime Information Center,Y,9,5,"Cities from 10,000 thru 24,999",5,"Cities from 10,000 thru 24,999",N,9,,Y,43,2,45,5,17,22,2.6,3.7,2018-01-01,2018-12-01,2018-12-01,2019-03-01,2019-03-01,2019-03-01,N,GWINNETT,"Atlanta-Sandy Springs-Roswell, GA",Y,Y,Y
38202024,3820,2024,GA0670800,GA0670800,,N,N,,I,SNELLVILLE,SNELLVILLE PD,Snellville,,A,13,Georgia,GA,GA,5,South Atlantic,3,South,Region III,City,22586,23363,GAUCR0001,Georgia Bureau of Investigation Georgia Crime Information Center,Y,9,5,"Cities from 10,000 thru 24,999",5,"Cities from 10,000 thru 24,999",N,9,,Y,43,1,44,6,13,19,2.2,2.8,2018-01-01,2019-10-01,2019-10-01,2020-01-01,2020-01-01,2020-01-01,N,GWINNETT,"Atlanta-Sandy Springs-Roswell, GA",Y,Y,Y
38212024,3821,2024,GA0670900,GA0670900,,N,N,,I,SUWANEE,SUWANEE PD,Suwanee,,A,13,Georgia,GA,GA,5,South Atlantic,3,South,Region III,City,23585,23363,GAUCR0001,Georgia Bureau of Investigation Georgia Crime Information Center,Y,9,5,"Cities from 10,000 thru 24,999",5,"Cities from 10,000 thru 24,999",N,9,,Y,29,6,35,5,11,16,1.4,2.2,2018-01-01,2018-08-01,2018-08-01,2019-06-01,2019-06-01,2019-06-01,N,GWINNETT,"Atlanta-Sandy Springs-Roswell, GA",Y,Y,Y
38222024,3822,2024,GA0671000,GA0671000,,N,N,,I,GWINNETT CO PUB SCHOOLS,GWINNETT CO PUBLIC SCHOOL POLICE LAWRENCEVILLE,Gwinnett County Public Schools,,A,13,Georgia,GA,GA,5,South Atlantic,3,South,Region III,Other,0,23363,GAUCR0001,Georgia Bureau of Investigation Georgia Crime Information Center,Y,22,9D,"MSA counties under 10,000",9,MSA Counties,N,22,,Y,89,1,90,25,9,34,0,0,2018-01-01,2018-01-01,2018-01-01,2019-06-01,2019-06-01,2021-07-01,N,GWINNETT,"Atlanta-Sandy Springs-Roswell, GA",Y,Y,Y
38242024,3824,2024,GA0671700,GA0671700,,N,N,,I,GEORGIA GWINNETT COLLEGE,GEORGIA GWINETT COLLEGE POLICE,Georgia Gwinnett College,,A,13,Georgia,GA,GA,5,South Atlantic,3,South,Region III,University or College,0,23363,GAUCR0001,Georgia Bureau of Investigation Georgia Crime Information Center,Y,11,7,"Cities under 2,500",7,"Cities under 2,500",N,11,,Y,12,1,13,2,3,5,0,0,2018-01-01,2019-08-01,2019-08-01,2019-09-01,2019-09-01,2021-11-01,N,GWINNETT,"Atlanta-Sandy Springs-Roswell, GA",Y,Y,Y
38252024,3825,2024,GA0680000,GA0680000,,N,N,,I,HABERSHAM,HABERSHAM CO SO CLARKESVILLE,Habersham,,A,13,Georgia,GA,GA,5,South Atlantic,3,South,Region III,County,34428,23363,GAUCR0001,Georgia Bureau of Investigation Georgia Crime Information Center,N,14,8B,"Non-MSA counties from 25,000 thru 99,999",8,Non-MSA Counties,N,14,,Y,51,20,71,7,18,25,1.7,2.8,2018-01-01,2019-08-01,2019-08-01,2020-09-01,2020-06-01,2020-06-01,N,HABERSHAM,Not Specified,Y,Y,Y
38282024,3828,2024,GA0680300,GA0680300,,N,N,,I,DEMOREST,DEMOREST,Demorest,,A,13,Georgia,GA,GA,5,South Atlantic,3,South,Region III,City,2054,23363,GAUCR0001,Georgia Bureau of Investigation Georgia Crime Information Center,N,11,7,"Cities under 2,500",7,"Cities under 2,500",N,11,,Y,6,0,6,0,3,3,2.9,4.4,2018-01-01,2019-08-01,2019-08-01,2021-02-01,2021-02-01,2021-02-01,N,HABERSHAM,Not Specified,Y,Y,Y
38302024,3830,2024,GA0680500,GA0680500,,N,N,,I,BALDWIN,BALDWIN PD,Baldwin,,A,13,Georgia,GA,GA,5,South Atlantic,3,South,Region III,City,4135,23363,GAUCR0001,Georgia Bureau of Investigation Georgia Crime Information Center,N,10,6,"Cities from 2,500 thru 9,999",6,"Cities from 2,500 thru 9,999",N,10,,Y,9,0,9,1,3,4,2.4,3.1,2018-01-01,2024-01-01,2024-01-01,2024-01-01,2024-01-01,2024-01-01,N,"BANKS, HABERSHAM",Not Specified,Y,Y,Y
38322024,3832,2024,GA068089E,GA0680800,,N,N,,I,PIEDMONT COLLEGE,PIEDMONT COLLEGE CAMPUS POLICE DEPT DEMOREST,Piedmont College ,,A,13,Georgia,GA,GA,5,South Atlantic,3,South,Region III,University or College,0,23363,GAUCR0001,Georgia Bureau of Investigation Georgia Crime Information Center,N,11,7,"Cities under 2,500",7,"Cities under 2,500",N,11,,Y,5,2,7,1,0,1,0,0,2018-01-01,2019-02-01,2019-02-01,2019-08-01,2019-06-01,,N,HABERSHAM,Not Specified,Y,Y,Y
38332024,3833,2024,GA0680900,GA0680900,,N,N,,I,ALTO,ALTO POLICE DEPARTMENT,Alto,,A,13,Georgia,GA,GA,5,South Atlantic,3,South,Region III,City,1005,23363,GAUCR0001,Georgia Bureau of Investigation Georgia Crime Information Center,N,11,7,"Cities under 2,500",7,"Cities under 2,500",N,11,,Y,2,1,3,0,4,4,2.0,7.0,2018-01-01,2019-01-01,2019-01-01,2019-06-01,2019-06-01,2019-06-01,N,"BANKS, HABERSHAM",Not Specified,Y,Y,Y
38342024,3834,2024,GA0690000,GA0690000,,N,N,,I,HALL,HALL CO SO GAINESVILLE,Hall,,A,13,Georgia,GA,GA,5,South Atlantic,3,South,Region III,County,150860,23363,GAUCR0001,Georgia Bureau of Investigation Georgia Crime Information Center,Y,19,9A,"MSA counties 100,000 or over",9,MSA Counties,Y,19,,Y,243,66,309,40,75,115,1.9,2.8,2018-01-01,2018-01-01,2018-01-01,2019-06-01,2019-06-01,2019-06-01,N,HALL,"Gainesville, GA",Y,Y,Y
38352024,3835,2024,GA0690100,GA0690100,,N,N,,I,GAINESVILLE,GAINESVILLE PD,Gainesville,,A,13,Georgia,GA,GA,5,South Atlantic,3,South,Region III,City,48944,23363,GAUCR0001,Georgia Bureau of Investigation Georgia Crime Information Center,N,8,4,"Cities from 25,000 thru 49,999",4,"Cities from 25,000 thru 49,999",N,8,,Y,76,2,78,16,13,29,1.9,2.2,2018-01-01,2019-10-01,2019-10-01,2020-02-01,2020-02-01,2020-02-01,N,HALL,"Gainesville, GA",Y,Y,Y
38372024,3837,2024,GA0690300,GA0690300,,N,N,,I,FLOWERY BRANCH,FLOWERY BRANCH PD,Flowery Branch,,A,13,Georgia,GA,GA,5,South Atlantic,3,South,Region III,City,12402,23363,GAUCR0001,Georgia Bureau of Investigation Georgia Crime Information Center,Y,9,5,"Cities from 10,000 thru 24,999",5,"Cities from 10,000 thru 24,999",N,9,,Y,25,0,25,0,4,4,2.0,2.3,2018-01-01,2019-12-01,2019-12-01,2020-09-01,2020-05-01,2021-06-01,N,HALL,"Gainesville, GA",Y,Y,Y
38382024,3838,2024,GA0690400,GA0690400,,N,N,,I,OAKWOOD,OAKWOOD PD,Oakwood,,A,13,Georgia,GA,GA,5,South Atlantic,3,South,Region III,City,7029,23363,GAUCR0001,Georgia Bureau of Investigation Georgia Crime Information Center,Y,10,6,"Cities from 2,500 thru 9,999",6,"Cities from 2,500 thru 9,999",N,10,,Y,17,0,17,3,1,4,2.8,3.0,2018-01-01,2019-11-01,2019-11-01,2020-11-01,2020-11-01,2020-11-01,N,HALL,"Gainesville, GA",Y,Y,Y
38402024,3840,2024,GA0690600,GA0690600,,N,N,,I,HALL COUNTY MARSHAL,HALL CO MARSHALLS OFFICE GAINESVILLE,Hall County Marshal,,A,13,Georgia,GA,GA,5,South Atlantic,3,South,Region III,Other,0,23363,GAUCR0001,Georgia Bureau of Investigation Georgia Crime Information Center,Y,22,9D,"MSA counties under 10,000",9,MSA Counties,N,22,,Y,15,0,15,1,2,3,0,0,2018-01-01,2018-12-01,2018-12-01,,,,N,HALL,"Gainesville, GA",Y,Y,Y
38432024,3843,2024,GA0700100,GA0700100,,N,N,,I,SPARTA,SPARTA PD,Sparta,,A,13,Georgia,GA,GA,5,South Atlantic,3,South,Region III,City,1309,23363,GAUCR0001,Georgia Bureau of Investigation Georgia Crime Information Center,N,11,7,"Cities under 2,500",7,"Cities under 2,500",N,11,,Y,6,0,6,1,6,7,5.3,9.9,2018-01-01,2019-10-01,2019-10-01,2020-02-01,2020-02-01,2020-02-01,N,HANCOCK,Not Specified,Y,Y,Y
38452024,3845,2024,GA0710000,GA0710000,,N,N,,I,HARALSON,HARALSON CO SO BUCHANAN,Haralson,,A,13,Georgia,GA,GA,5,South Atlantic,3,South,Region III,County,20830,23363,GAUCR0001,Georgia Bureau of Investigation Georgia Crime Information Center,Y,21,9C,"MSA counties from 10,000 thru 24,999",9,MSA Counties,N,21,,Y,37,24,61,4,13,17,2.0,3.7,2018-01-01,2019-10-01,2019-10-01,2020-04-01,2020-04-01,2020-04-01,N,HARALSON,"Atlanta-Sandy Springs-Roswell, GA",Y,Y,Y
38462024,3846,2024,GA0710100,GA0710100,,N,N,,I,BREMEN,BREMEN PD,Bremen,,A,13,Georgia,GA,GA,5,South Atlantic,3,South,Region III,City,7879,23363,GAUCR0001,Georgia Bureau of Investigation Georgia Crime Information Center,Y,10,6,"Cities from 2,500 thru 9,999",6,"Cities from 2,500 thru 9,999",N,10,,Y,19,0,19,4,1,5,2.9,3.0,2018-01-01,2019-05-01,2019-05-01,2020-08-01,2019-07-01,2020-04-01,N,"CARROLL, HARALSON","Atlanta-Sandy Springs-Roswell, GA",Y,Y,Y
38472024,3847,2024,GA0710200,GA0710200,,N,N,,I,TALLAPOOSA,TALLAPOOSA PD,Tallapoosa,,A,13,Georgia,GA,GA,5,South Atlantic,3,South,Region III,City,3193,23363,GAUCR0001,Georgia Bureau of Investigation Georgia Crime Information Center,Y,10,6,"Cities from 2,500 thru 9,999",6,"Cities from 2,500 thru 9,999",N,10,,Y,11,0,11,0,2,2,3.4,4.1,2018-01-01,2019-06-01,2019-06-01,2020-02-01,2020-01-01,2020-02-01,N,HARALSON,"Atlanta-Sandy Springs-Roswell, GA",Y,Y,Y
38482024,3848,2024,GA0710300,GA0710300,,N,N,,I,BUCHANAN,BUCHANAN PD,Buchanan,,A,13,Georgia,GA,GA,5,South Atlantic,3,South,Region III,City,966,23363,GAUCR0001,Georgia Bureau of Investigation Georgia Crime Information Center,Y,11,7,"Cities under 2,500",7,"Cities under 2,500",N,11,,Y,4,0,4,2,1,3,6.2,7.2,2018-01-01,2019-09-01,2019-09-01,2020-06-01,2020-06-01,2020-06-01,N,HARALSON,"Atlanta-Sandy Springs-Roswell, GA",Y,Y,Y
38492024,3849,2024,GA0710500,GA0710500,,N,N,,I,WEST GA TECHNICAL COLLEG,WEST GEORGIA TECHNICAL COLLEGE,West Georgia Technical College,,A,13,Georgia,GA,GA,5,South Atlantic,3,South,Region III,University or College,0,23363,GAUCR0001,Georgia Bureau of Investigation Georgia Crime Information Center,Y,11,7,"Cities under 2,500",7,"Cities under 2,500",N,11,,Y,8,0,8,1,0,1,0,0,2018-01-01,2019-03-01,2019-03-01,2019-06-01,2019-06-01,2019-06-01,N,HARALSON,"Atlanta-Sandy Springs-Roswell, GA",Y,Y,Y
38502024,3850,2024,GA0720000,GA0720000,,N,N,,I,HARRIS,HARRIS CO SO HAMILTON,Harris,,A,13,Georgia,GA,GA,5,South Atlantic,3,South,Region III,County,32316,23363,GAUCR0001,Georgia Bureau of Investigation Georgia Crime Information Center,Y,20,9B,"MSA counties from 25,000 thru 99,999",9,MSA Counties,N,20,,Y,50,12,62,6,9,15,1.7,2.4,2018-01-01,2019-12-01,2019-12-01,2020-11-01,2020-10-01,2020-10-01,N,HARRIS,"Columbus, GA-AL",Y,Y,Y
38512024,3851,2024,GA0720100,GA0720100,,N,N,,I,PINE MOUNTAIN,PINE MOUNTAIN PD,Pine Mountain,,A,13,Georgia,GA,GA,5,South Atlantic,3,South,Region III,City,1301,23363,GAUCR0001,Georgia Bureau of Investigation Georgia Crime Information Center,Y,11,7,"Cities under 2,500",7,"Cities under 2,500",N,11,,Y,6,0,6,1,1,2,5.4,6.1,2018-01-01,2019-01-01,2019-01-01,2019-06-01,2019-06-01,,N,"HARRIS, MERIWETHER","Columbus, GA-AL",Y,Y,Y
38522024,3852,2024,GA0720200,GA0720200,,N,N,,I,WAVERLY HALL,WAVERLY HALL PD,Waverly Hall,,A,13,Georgia,GA,GA,5,South Atlantic,3,South,Region III,City,675,23363,GAUCR0001,Georgia Bureau of Investigation Georgia Crime Information Center,Y,11,7,"Cities under 2,500",7,"Cities under 2,500",N,11,,Y,3,0,3,0,2,2,4.4,7.4,2018-01-01,2019-08-01,2019-08-01,2022-05-01,2019-11-01,2019-11-01,N,HARRIS,"Columbus, GA-AL",Y,Y,Y
38532024,3853,2024,GA0720300,GA0720300,,N,N,,I,SHILOH,SHILOH PD,Shiloh,,A,13,Georgia,GA,GA,5,South Atlantic,3,South,Region III,City,429,23363,GAUCR0001,Georgia Bureau of Investigation Georgia Crime Information Center,Y,11,7,"Cities under 2,500",7,"Cities under 2,500",N,11,,Y,1,0,1,0,0,0,2.3,2.3,2018-01-01,2019-06-01,2019-06-01,2019-12-01,2019-12-01,2019-12-01,N,HARRIS,"Columbus, GA-AL",Y,Y,Y
38542024,3854,2024,GA0720400,GA0720400,,N,N,,I,HAMILTON,HAMILTON,Hamilton,,A,13,Georgia,GA,GA,5,South Atlantic,3,South,Region III,City,1790,23363,GAUCR0001,Georgia Bureau of Investigation Georgia Crime Information Center,Y,11,7,"Cities under 2,500",7,"Cities under 2,500",N,11,,Y,4,0,4,0,0,0,2.2,2.2,2018-01-01,2021-01-01,2021-01-01,2021-01-01,2021-01-01,2021-01-01,N,HARRIS,"Columbus, GA-AL",Y,Y,Y
38552024,3855,2024,GA0730000,GA0730000,,N,N,,I,HART,HART CO SO HARTWELL,Hart,,A,13,Georgia,GA,GA,5,South Atlantic,3,South,Region III,County,22860,23363,GAUCR0001,Georgia Bureau of Investigation Georgia Crime Information Center,N,15,8C,"Non-MSA counties from 10,000 thru 24,999",8,Non-MSA Counties,N,15,,Y,31,15,46,1,27,28,1.4,3.2,2018-01-01,2019-10-01,2019-10-01,2019-12-01,2019-12-01,2019-12-01,N,HART,Not Specified,Y,Y,Y
38562024,3856,2024,GA0730100,GA0730100,,N,N,,I,HARTWELL,HARTWELL PD,Hartwell,,A,13,Georgia,GA,GA,5,South Atlantic,3,South,Region III,City,4698,23363,GAUCR0001,Georgia Bureau of Investigation Georgia Crime Information Center,N,10,6,"Cities from 2,500 thru 9,999",6,"Cities from 2,500 thru 9,999",N,10,,Y,17,0,17,2,5,7,4.0,5.1,2018-01-01,2019-09-01,2019-09-01,2019-11-01,2019-10-01,2019-10-01,N,HART,Not Specified,Y,Y,Y
38572024,3857,2024,GA0740000,GA0740000,,N,N,,I,HEARD,HEARD CO SO FRANKLIN,Heard,,A,13,Georgia,GA,GA,5,South Atlantic,3,South,Region III,County,11324,23363,GAUCR0001,Georgia Bureau of Investigation Georgia Crime Information Center,Y,21,9C,"MSA counties from 10,000 thru 24,999",9,MSA Counties,N,21,,Y,19,11,30,5,6,11,2.1,3.6,2018-01-01,2018-11-01,2018-11-01,2020-01-01,2020-01-01,2020-01-01,N,HEARD,"Atlanta-Sandy Springs-Roswell, GA",Y,Y,Y
38582024,3858,2024,GA0740100,GA0740100,,N,N,,I,FRANKLIN,FRANKLIN PD,Franklin,,A,13,Georgia,GA,GA,5,South Atlantic,3,South,Region III,City,967,23363,GAUCR0001,Georgia Bureau of Investigation Georgia Crime Information Center,Y,11,7,"Cities under 2,500",7,"Cities under 2,500",N,11,,Y,6,0,6,2,0,2,8.3,8.3,2018-01-01,2019-10-01,2019-10-01,2020-08-01,2020-05-01,2020-05-01,N,HEARD,"Atlanta-Sandy Springs-Roswell, GA",Y,Y,Y
38602024,3860,2024,GA0750000,GA0750000,,N,N,,I,HENRY,HENRY CO SO MCDONOUGH,Henry,,A,13,Georgia,GA,GA,5,South Atlantic,3,South,Region III,County,0,23363,GAUCR0001,Georgia Bureau of Investigation Georgia Crime Information Center,Y,22,9D,"MSA counties under 10,000",9,MSA Counties,N,22,,Y,134,27,161,78,44,122,0,0,2018-01-01,2019-09-01,2019-09-01,2020-11-01,2020-11-01,2021-12-01,N,HENRY,"Atlanta-Sandy Springs-Roswell, GA",Y,Y,Y
38612024,3861,2024,GA0750100,GA0750100,,N,N,,I,MCDONOUGH,MCDONOUGH PD,McDonough,,A,13,Georgia,GA,GA,5,South Atlantic,3,South,Region III,City,33140,23363,GAUCR0001,Georgia Bureau of Investigation Georgia Crime Information Center,Y,8,4,"Cities from 25,000 thru 49,999",4,"Cities from 25,000 thru 49,999",N,8,,Y,33,2,35,8,5,13,1.2,1.4,2018-01-01,2019-01-01,2019-01-01,2019-07-01,2019-07-01,2019-07-01,N,HENRY,"Atlanta-Sandy Springs-Roswell, GA",Y,Y,Y
38622024,3862,2024,GA0750200,GA0750200,,N,N,,I,STOCKBRIDGE,STOCKBRIDGE PD,Stockbridge,,A,13,Georgia,GA,GA,5,South Atlantic,3,South,Region III,City,35352,23363,GAUCR0001,Georgia Bureau of Investigation Georgia Crime Information Center,Y,8,4,"Cities from 25,000 thru 49,999",4,"Cities from 25,000 thru 49,999",N,8,,N,,,,,,,,,2018-01-01,2022-06-01,2023-05-01,2023-05-01,2023-05-01,2023-05-01,N,HENRY,"Atlanta-Sandy Springs-Roswell, GA",Y,Y,Y
38632024,3863,2024,GA0750300,GA0750300,,N,N,,I,HAMPTON,HAMPTON PD,Hampton,,A,13,Georgia,GA,GA,5,South Atlantic,3,South,Region III,City,9440,23363,GAUCR0001,Georgia Bureau of Investigation Georgia Crime Information Center,Y,10,6,"Cities from 2,500 thru 9,999",6,"Cities from 2,500 thru 9,999",N,10,,Y,18,0,18,4,2,6,2.3,2.5,2018-01-01,2019-09-01,2019-09-01,2019-11-01,2019-11-01,2019-11-01,N,HENRY,"Atlanta-Sandy Springs-Roswell, GA",Y,Y,Y
38642024,3864,2024,GA0750400,GA0750400,,N,N,,I,LOCUST GROVE,LOCUST GROVE PD,Locust Grove,,A,13,Georgia,GA,GA,5,South Atlantic,3,South,Region III,City,11978,23363,GAUCR0001,Georgia Bureau of Investigation Georgia Crime Information Center,Y,9,5,"Cities from 10,000 thru 24,999",5,"Cities from 10,000 thru 24,999",N,9,,Y,29,0,29,2,2,4,2.6,2.8,2018-01-01,2021-01-01,2021-09-01,2021-09-01,2021-09-01,2021-09-01,N,HENRY,"Atlanta-Sandy Springs-Roswell, GA",Y,Y,Y
38652024,3865,2024,GA0750500,GA0750500,,N,N,,I,HENRY COUNTY POLICE DEPT,HENRY COUNTY POLICE DEPARTMENT,Henry County Police Department,,A,13,Georgia,GA,GA,5,South Atlantic,3,South,Region III,County,170224,23363,GAUCR0001,Georgia Bureau of Investigation Georgia Crime Information Center,Y,19,9A,"MSA counties 100,000 or over",9,MSA Counties,Y,19,,Y,243,7,250,47,45,92,1.7,2.0,2018-01-01,2019-06-01,2019-06-01,2021-02-01,2021-02-01,2021-02-01,N,HENRY,"Atlanta-Sandy Springs-Roswell, GA",Y,Y,Y
38672024,3867,2024,GA0760100,GA0760100,,N,N,,I,PERRY,PERRY PD,Perry,,A,13,Georgia,GA,GA,5,South Atlantic,3,South,Region III,City,25159,23363,GAUCR0001,Georgia Bureau of Investigation Georgia Crime Information Center,Y,8,4,"Cities from 25,000 thru 49,999",4,"Cities from 25,000 thru 49,999",N,8,,Y,36,1,37,9,6,15,1.8,2.1,2018-01-01,2020-02-01,2020-02-01,2021-01-01,2021-01-01,2021-01-01,N,"HOUSTON, PEACH","Warner Robins, GA",Y,Y,Y
38682024,3868,2024,GA0760200,GA0760200,,N,N,,I,WARNER ROBINS,WARNER ROBINS PD,Warner Robins,,A,13,Georgia,GA,GA,5,South Atlantic,3,South,Region III,City,85900,23363,GAUCR0001,Georgia Bureau of Investigation Georgia Crime Information Center,N,7,3,"Cities from 50,000 thru 99,999",3,"Cities from 50,000 thru 99,999",N,7,,Y,96,20,116,12,28,40,1.3,1.8,2018-01-01,2019-09-01,2019-09-01,2020-02-01,2020-02-01,2020-02-01,N,"HOUSTON, PEACH","Warner Robins, GA",Y,Y,Y
38692024,3869,2024,GA0760300,GA0760300,,N,N,,I,CENTERVILLE,CENTERVILLE PD,Centerville,,A,13,Georgia,GA,GA,5,South Atlantic,3,South,Region III,City,8539,23363,GAUCR0001,Georgia Bureau of Investigation Georgia Crime Information Center,Y,10,6,"Cities from 2,500 thru 9,999",6,"Cities from 2,500 thru 9,999",N,10,,Y,9,2,11,2,4,6,1.3,2.0,2018-01-01,2019-01-01,2019-01-01,2019-06-01,2019-06-01,,N,HOUSTON,"Warner Robins, GA",Y,Y,Y
38702024,3870,2024,GA0770000,GA0770000,,N,N,,I,IRWIN,IRWIN CO SO OCILLA,Irwin,,A,13,Georgia,GA,GA,5,South Atlantic,3,South,Region III,County,6200,23363,GAUCR0001,Georgia Bureau of Investigation Georgia Crime Information Center,N,16,8D,"Non-MSA counties under 10,000",8,Non-MSA Counties,N,16,,Y,13,1,14,1,10,11,2.3,4.0,2018-01-01,2019-10-01,2019-10-01,2020-08-01,2020-08-01,2020-08-01,N,IRWIN,Not Specified,Y,Y,Y
38712024,3871,2024,GA0770100,GA0770100,,N,N,,I,OCILLA,OCILLA PD,Ocilla,,A,13,Georgia,GA,GA,5,South Atlantic,3,South,Region III,City,2791,23363,GAUCR0001,Georgia Bureau of Investigation Georgia Crime Information Center,N,10,6,"Cities from 2,500 thru 9,999",6,"Cities from 2,500 thru 9,999",N,10,,Y,13,0,13,2,0,2,5.4,5.4,2018-01-01,2019-07-01,2019-07-01,2020-06-01,2020-05-01,2020-05-01,N,IRWIN,Not Specified,Y,Y,Y
38722024,3872,2024,GA0780000,GA0780000,,N,N,,I,JACKSON,JACKSON CO SO JEFFERSON,Jackson,,A,13,Georgia,GA,GA,5,South Atlantic,3,South,Region III,County,51371,23363,GAUCR0001,Georgia Bureau of Investigation Georgia Crime Information Center,N,14,8B,"Non-MSA counties from 25,000 thru 99,999",8,Non-MSA Counties,N,14,,Y,69,25,94,13,28,41,1.6,2.6,2018-01-01,2019-10-01,2019-10-01,2019-11-01,2019-11-01,2019-11-01,N,JACKSON,Not Specified,Y,Y,Y
38742024,3874,2024,GA0780200,GA0780200,,N,N,,I,JEFFERSON,JEFFERSON PD,Jefferson,,A,13,Georgia,GA,GA,5,South Atlantic,3,South,Region III,City,16643,23363,GAUCR0001,Georgia Bureau of Investigation Georgia Crime Information Center,N,9,5,"Cities from 10,000 thru 24,999",5,"Cities from 10,000 thru 24,999",N,9,,Y,26,0,26,4,2,6,1.8,1.9,2018-01-01,2019-09-01,2019-09-01,2020-09-01,2020-08-01,2020-09-01,N,JACKSON,Not Specified,Y,Y,Y
38752024,3875,2024,GA0780300,GA0780300,,N,N,,I,MAYSVILLE,MAYSVILLE PD,Maysville,,A,13,Georgia,GA,GA,5,South Atlantic,3,South,Region III,City,2266,23363,GAUCR0001,Georgia Bureau of Investigation Georgia Crime Information Center,N,11,7,"Cities under 2,500",7,"Cities under 2,500",N,11,,N,,,,,,,,,2018-01-01,2019-08-01,2019-08-01,2019-09-01,2019-09-01,2019-09-01,N,"BANKS, JACKSON",Not Specified,Y,Y,Y
38762024,3876,2024,GA0780400,GA0780400,,N,N,,I,ARCADE,ARCADE PD,Arcade,,A,13,Georgia,GA,GA,5,South Atlantic,3,South,Region III,City,2008,23363,GAUCR0001,Georgia Bureau of Investigation Georgia Crime Information Center,N,11,7,"Cities under 2,500",7,"Cities under 2,500",N,11,,Y,4,0,4,0,1,1,2.0,2.5,2018-01-01,2019-12-01,2019-12-01,2020-12-01,2020-12-01,2021-03-01,N,JACKSON,Not Specified,Y,Y,Y
38782024,3878,2024,GA0780600,GA0780600,,N,N,,I,BRASELTON,BRASELTON PD,Braselton,,A,13,Georgia,GA,GA,5,South Atlantic,3,South,Region III,City,16240,23363,GAUCR0001,Georgia Bureau of Investigation Georgia Crime Information Center,N,9,5,"Cities from 10,000 thru 24,999",5,"Cities from 10,000 thru 24,999",N,9,,Y,22,0,22,0,1,1,1.4,1.4,2018-01-01,2018-09-01,2018-09-01,2019-03-01,2019-03-01,2019-03-01,N,"BARROW, GWINNETT, HALL, JACKSON","Atlanta-Sandy Springs-Roswell, GA",Y,Y,Y
38792024,3879,2024,GA0780900,GA0780900,,N,N,,I,PENDERGRASS,PENDERGRASS POLICE DEPARTMENT,Pendergrass ,,A,13,Georgia,GA,GA,5,South Atlantic,3,South,Region III,City,1839,23363,GAUCR0001,Georgia Bureau of Investigation Georgia Crime Information Center,N,11,7,"Cities under 2,500",7,"Cities under 2,500",N,11,,Y,9,0,9,0,1,1,4.9,5.4,2018-01-01,2020-01-01,2020-01-01,2020-03-01,2020-03-01,2020-03-01,N,JACKSON,Not Specified,Y,Y,Y
38802024,3880,2024,GA0790000,GA0790000,,N,N,,I,JASPER,JASPER CO SO MONTICELLO,Jasper,,A,13,Georgia,GA,GA,5,South Atlantic,3,South,Region III,County,14240,23363,GAUCR0001,Georgia Bureau of Investigation Georgia Crime Information Center,Y,21,9C,"MSA counties from 10,000 thru 24,999",9,MSA Counties,N,21,,Y,21,6,27,6,12,18,1.9,3.2,2018-01-01,2019-10-01,2019-10-01,2020-02-01,2020-02-01,2020-02-01,N,JASPER,"Atlanta-Sandy Springs-Roswell, GA",Y,Y,Y
38832024,3883,2024,GA0800100,GA0800100,,N,N,,I,HAZLEHURST,HAZLEHURST PD,Hazlehurst,,A,13,Georgia,GA,GA,5,South Atlantic,3,South,Region III,City,4066,23363,GAUCR0001,Georgia Bureau of Investigation Georgia Crime Information Center,N,10,6,"Cities from 2,500 thru 9,999",6,"Cities from 2,500 thru 9,999",N,10,,Y,8,0,8,1,1,2,2.2,2.5,2018-01-01,2019-09-01,2019-09-01,2020-05-01,2020-05-01,2020-05-01,N,JEFF DAVIS,Not Specified,Y,Y,Y
38842024,3884,2024,GA0810000,GA0810000,,N,N,,I,JEFFERSON,JEFFERSON CO SO LOUISVILLE,Jefferson,,A,13,Georgia,GA,GA,5,South Atlantic,3,South,Region III,County,8605,23363,GAUCR0001,Georgia Bureau of Investigation Georgia Crime Information Center,N,16,8D,"Non-MSA counties under 10,000",8,Non-MSA Counties,N,16,,Y,31,7,38,0,19,19,3.6,6.6,2018-01-01,2019-10-01,2019-10-01,2020-03-01,2020-03-01,2020-03-01,N,JEFFERSON,Not Specified,Y,Y,Y
38862024,3886,2024,GA0810200,GA0810200,,N,N,,I,WADLEY,WADLEY PD,Wadley,,A,13,Georgia,GA,GA,5,South Atlantic,3,South,Region III,City,1547,23363,GAUCR0001,Georgia Bureau of Investigation Georgia Crime Information Center,N,11,7,"Cities under 2,500",7,"Cities under 2,500",N,11,,Y,8,0,8,0,1,1,5.2,5.8,2018-01-01,2020-07-01,2022-07-01,2022-07-01,2023-06-01,,N,JEFFERSON,Not Specified,Y,Y,Y
38882024,3888,2024,GA0810400,GA0810400,,N,N,,I,BARTOW,BARTOW PD,Bartow,,A,13,Georgia,GA,GA,5,South Atlantic,3,South,Region III,City,177,23363,GAUCR0001,Georgia Bureau of Investigation Georgia Crime Information Center,N,11,7,"Cities under 2,500",7,"Cities under 2,500",N,11,,N,,,,,,,,,2018-01-01,2020-01-01,2020-01-01,,,,N,JEFFERSON,Not Specified,Y,Y,Y
38892024,3889,2024,GA0810500,GA0810500,,N,N,,I,STAPLETON,STAPLETON,Stapleton,,A,13,Georgia,GA,GA,5,South Atlantic,3,South,Region III,City,399,23363,GAUCR0001,Georgia Bureau of Investigation Georgia Crime Information Center,N,11,7,"Cities under 2,500",7,"Cities under 2,500",N,11,,N,,,,,,,,,2018-01-01,2020-07-01,2020-07-01,,,,N,JEFFERSON,Not Specified,Y,Y,Y
38912024,3891,2024,GA0820100,GA0820100,,N,N,,I,MILLEN,MILLEN PD,Millen,,A,13,Georgia,GA,GA,5,South Atlantic,3,South,Region III,City,2962,23363,GAUCR0001,Georgia Bureau of Investigation Georgia Crime Information Center,N,10,6,"Cities from 2,500 thru 9,999",6,"Cities from 2,500 thru 9,999",N,10,,Y,10,0,10,2,0,2,4.1,4.1,2018-01-01,2019-10-01,2019-10-01,2020-03-01,2020-03-01,2020-03-01,N,JENKINS,Not Specified,Y,Y,Y
38962024,3896,2024,GA0840000,GA0840000,,N,N,,I,JONES,JONES CO SO GRAY,Jones,,A,13,Georgia,GA,GA,5,South Atlantic,3,South,Region III,County,25753,23363,GAUCR0001,Georgia Bureau of Investigation Georgia Crime Information Center,Y,20,9B,"MSA counties from 25,000 thru 99,999",9,MSA Counties,N,20,,Y,34,17,51,3,22,25,1.4,3.0,2018-01-01,2019-10-01,2019-10-01,2020-01-01,2020-01-01,2020-01-01,N,JONES,"Macon-Bibb County, GA",Y,Y,Y
38972024,3897,2024,GA0840100,GA0840100,,N,N,,I,GRAY,GRAY PD,Gray,,A,13,Georgia,GA,GA,5,South Atlantic,3,South,Region III,City,3534,23363,GAUCR0001,Georgia Bureau of Investigation Georgia Crime Information Center,Y,10,6,"Cities from 2,500 thru 9,999",6,"Cities from 2,500 thru 9,999",N,10,,Y,15,0,15,0,0,0,4.2,4.2,2018-01-01,2019-10-01,2019-10-01,2020-04-01,2020-04-01,2020-04-01,N,JONES,"Macon-Bibb County, GA",Y,Y,Y
38982024,3898,2024,GA0850000,GA0850000,,N,N,,I,LAMAR,LAMAR CO SO BARNESVILLE,Lamar,,A,13,Georgia,GA,GA,5,South Atlantic,3,South,Region III,County,13915,23363,GAUCR0001,Georgia Bureau of Investigation Georgia Crime Information Center,N,15,8C,"Non-MSA counties from 10,000 thru 24,999",8,Non-MSA Counties,N,15,,N,,,,,,,,,2018-01-01,2019-06-01,2019-06-01,2020-11-01,2020-10-01,2020-10-01,N,LAMAR,Not Specified,Y,Y,Y
39002024,3900,2024,GA0850200,GA0850200,,N,N,,I,MILNER,MILNER PD,Milner,,A,13,Georgia,GA,GA,5,South Atlantic,3,South,Region III,City,828,23363,GAUCR0001,Georgia Bureau of Investigation Georgia Crime Information Center,N,11,7,"Cities under 2,500",7,"Cities under 2,500",N,11,,Y,5,0,5,0,0,0,6.0,6.0,2018-01-01,2021-11-01,2025-03-01,2025-03-01,2025-03-01,2025-03-01,N,LAMAR,Not Specified,Y,Y,Y
39012024,3901,2024,GA0850300,GA0850300,,N,N,,I,GORDON STATE COLLEGE,GORDON JR COLLEGE DPS BARNESVILLE,Gordon State College,,A,13,Georgia,GA,GA,5,South Atlantic,3,South,Region III,University or College,0,23363,GAUCR0001,Georgia Bureau of Investigation Georgia Crime Information Center,N,11,7,"Cities under 2,500",7,"Cities under 2,500",N,11,,Y,7,0,7,1,1,2,0,0,2018-01-01,2019-09-01,2019-09-01,2020-02-01,2020-02-01,2020-02-01,N,LAMAR,Not Specified,Y,Y,Y
39022024,3902,2024,GA0860000,GA0860000,,N,N,,I,LANIER,LANIER CO SO LAKELAND,Lanier,,A,13,Georgia,GA,GA,5,South Atlantic,3,South,Region III,County,7630,23363,GAUCR0001,Georgia Bureau of Investigation Georgia Crime Information Center,Y,22,9D,"MSA counties under 10,000",9,MSA Counties,N,22,,Y,13,1,14,4,4,8,2.2,2.9,2018-01-01,2019-10-01,2019-10-01,2019-12-01,2019-12-01,2019-12-01,N,LANIER,"Valdosta, GA",Y,Y,Y
39042024,3904,2024,GA0870000,GA0870000,,N,N,,I,LAURENS,LAURENS CO SO DUBLIN,Laurens,,A,13,Georgia,GA,GA,5,South Atlantic,3,South,Region III,County,31799,23363,GAUCR0001,Georgia Bureau of Investigation Georgia Crime Information Center,N,14,8B,"Non-MSA counties from 25,000 thru 99,999",8,Non-MSA Counties,N,14,,Y,75,10,85,3,24,27,2.5,3.5,2018-01-01,2018-01-01,2018-01-01,2020-01-01,2020-01-01,2020-01-01,N,LAURENS,Not Specified,Y,Y,Y
39072024,3907,2024,GA0880000,GA0880000,,N,N,,I,LEE,LEE CO SO LEESBURG,Lee,,A,13,Georgia,GA,GA,5,South Atlantic,3,South,Region III,County,30664,23363,GAUCR0001,Georgia Bureau of Investigation Georgia Crime Information Center,Y,20,9B,"MSA counties from 25,000 thru 99,999",9,MSA Counties,N,20,,Y,37,16,53,1,26,27,1.2,2.6,2018-01-01,2019-04-01,2019-04-01,2019-09-01,2019-09-01,2019-09-01,N,LEE,"Albany, GA",Y,Y,Y
39082024,3908,2024,GA0880100,GA0880100,,N,N,,I,LEESBURG,LEESBURG PD,Leesburg,,A,13,Georgia,GA,GA,5,South Atlantic,3,South,Region III,City,3575,23363,GAUCR0001,Georgia Bureau of Investigation Georgia Crime Information Center,Y,10,6,"Cities from 2,500 thru 9,999",6,"Cities from 2,500 thru 9,999",N,10,,Y,15,0,15,2,0,2,4.8,4.8,2018-01-01,2020-01-01,2020-01-01,2020-03-01,2020-03-01,2020-03-01,N,LEE,"Albany, GA",Y,Y,Y
39112024,3911,2024,GA0890100,GA0890100,,N,N,,I,HINESVILLE,HINESVILLE PD,Hinesville,,A,13,Georgia,GA,GA,5,South Atlantic,3,South,Region III,City,36562,23363,GAUCR0001,Georgia Bureau of Investigation Georgia Crime Information Center,N,8,4,"Cities from 25,000 thru 49,999",4,"Cities from 25,000 thru 49,999",N,8,,Y,60,4,64,9,12,21,1.9,2.3,2018-01-01,2019-06-01,2021-07-01,2021-07-01,2021-07-01,2021-07-01,N,LIBERTY,"Hinesville, GA",Y,Y,Y
39132024,3913,2024,GA0900000,GA0900000,,N,N,,I,LINCOLN,LINCOLN CO SO LINCOLNTON,Lincoln,,A,13,Georgia,GA,GA,5,South Atlantic,3,South,Region III,County,6575,23363,GAUCR0001,Georgia Bureau of Investigation Georgia Crime Information Center,Y,22,9D,"MSA counties under 10,000",9,MSA Counties,N,22,,N,,,,,,,,,2018-01-01,2021-07-01,2021-07-01,2021-07-01,2021-07-01,2021-07-01,N,LINCOLN,"Augusta-Richmond County, GA-SC",Y,Y,Y
39152024,3915,2024,GA0910000,GA0910000,,N,N,,I,LONG,LONG CO SO LUDOWICI,Long,,A,13,Georgia,GA,GA,5,South Atlantic,3,South,Region III,County,19003,23363,GAUCR0001,Georgia Bureau of Investigation Georgia Crime Information Center,Y,21,9C,"MSA counties from 10,000 thru 24,999",9,MSA Counties,N,21,,Y,30,0,30,1,5,6,1.6,1.9,2018-01-01,2019-06-01,2019-06-01,2021-01-01,2021-01-01,2021-01-01,N,LONG,"Hinesville, GA",Y,Y,Y
39172024,3917,2024,GA0920000,GA0920000,,N,N,,I,LOWNDES,LOWNDES CO SO VALDOSTA,Lowndes,,A,13,Georgia,GA,GA,5,South Atlantic,3,South,Region III,County,60675,23363,GAUCR0001,Georgia Bureau of Investigation Georgia Crime Information Center,Y,20,9B,"MSA counties from 25,000 thru 99,999",9,MSA Counties,N,20,,Y,128,32,160,6,62,68,2.2,3.8,2018-01-01,2019-08-01,2019-08-01,2020-01-01,2020-01-01,2020-01-01,N,LOWNDES,"Valdosta, GA",Y,Y,Y
39182024,3918,2024,GA0920100,GA0920100,,N,N,,I,VALDOSTA,VALDOSTA PD,Valdosta,,A,13,Georgia,GA,GA,5,South Atlantic,3,South,Region III,City,54896,23363,GAUCR0001,Georgia Bureau of Investigation Georgia Crime Information Center,N,7,3,"Cities from 50,000 thru 99,999",3,"Cities from 50,000 thru 99,999",N,7,,Y,90,4,94,20,21,41,2.0,2.5,2018-01-01,2019-11-01,2019-11-01,2021-02-01,2021-02-01,2021-02-01,N,LOWNDES,"Valdosta, GA",Y,Y,Y
39192024,3919,2024,GA0920200,GA0920200,,N,N,,I,HAHIRA,HAHIRA PD,Hahira,,A,13,Georgia,GA,GA,5,South Atlantic,3,South,Region III,City,3484,23363,GAUCR0001,Georgia Bureau of Investigation Georgia Crime Information Center,Y,10,6,"Cities from 2,500 thru 9,999",6,"Cities from 2,500 thru 9,999",N,10,,Y,9,0,9,3,4,7,3.4,4.6,2018-01-01,2019-10-01,2019-10-01,2019-11-01,2019-11-01,2019-11-01,N,LOWNDES,"Valdosta, GA",Y,Y,Y
39212024,3921,2024,GA0920400,GA0920400,,N,N,,I,REMERTON,REMERTON,Remerton,,A,13,Georgia,GA,GA,5,South Atlantic,3,South,Region III,City,1244,23363,GAUCR0001,Georgia Bureau of Investigation Georgia Crime Information Center,Y,11,7,"Cities under 2,500",7,"Cities under 2,500",N,11,,Y,8,0,8,0,1,1,6.4,7.2,2018-01-01,2019-06-01,2019-06-01,2020-05-01,2020-05-01,2020-05-01,N,LOWNDES,"Valdosta, GA",Y,Y,Y
39222024,3922,2024,GA0920500,GA0920500,,N,N,,I,VALDOSTA STATE UNIVERSIT,VALDOSTA STATE UNIVERSITY PUBLIC SAFETY DIV,Valdosta State University,,A,13,Georgia,GA,GA,5,South Atlantic,3,South,Region III,University or College,0,23363,GAUCR0001,Georgia Bureau of Investigation Georgia Crime Information Center,Y,11,7,"Cities under 2,500",7,"Cities under 2,500",N,11,,Y,15,1,16,1,4,5,0,0,2018-01-01,2019-10-01,2019-10-01,2023-02-01,2023-06-01,2023-04-01,N,LOWNDES,"Valdosta, GA",Y,Y,Y
39232024,3923,2024,GA0930000,GA0930000,,N,N,,I,LUMPKIN,LUMPKIN CO SO DAHLONEGA,Lumpkin,,A,13,Georgia,GA,GA,5,South Atlantic,3,South,Region III,County,35987,23363,GAUCR0001,Georgia Bureau of Investigation Georgia Crime Information Center,Y,20,9B,"MSA counties from 25,000 thru 99,999",9,MSA Counties,N,20,,Y,49,12,61,5,27,32,1.5,2.6,2018-01-01,2019-07-01,2019-07-01,2020-07-01,2020-07-01,2020-07-01,N,LUMPKIN,"Atlanta-Sandy Springs-Roswell, GA",Y,Y,Y
39252024,3925,2024,GA0930200,GA0930200,,N,N,,I,UNIV OF NORTH GEORGIA,NORTH GEORGIA COLL - DEPT PUB SAF DAHLONEGA,University of North Georgia,,A,13,Georgia,GA,GA,5,South Atlantic,3,South,Region III,University or College,0,23363,GAUCR0001,Georgia Bureau of Investigation Georgia Crime Information Center,Y,11,7,"Cities under 2,500",7,"Cities under 2,500",N,11,,Y,30,4,34,5,9,14,0,0,2018-01-01,2019-08-01,2019-08-01,2019-11-01,2019-10-01,2020-03-01,N,LUMPKIN,"Atlanta-Sandy Springs-Roswell, GA",Y,Y,Y
39262024,3926,2024,GA0940000,GA0940000,,N,N,,I,MCDUFFIE,MC DUFFIE CO SO THOMSON,McDuffie,,A,13,Georgia,GA,GA,5,South Atlantic,3,South,Region III,County,15077,23363,GAUCR0001,Georgia Bureau of Investigation Georgia Crime Information Center,Y,21,9C,"MSA counties from 10,000 thru 24,999",9,MSA Counties,N,21,,Y,20,7,27,1,26,27,1.4,3.6,2018-01-01,2019-10-01,2019-10-01,2020-03-01,2020-03-01,,N,MCDUFFIE,"Augusta-Richmond County, GA-SC",Y,Y,Y
39292024,3929,2024,GA0950000,GA0950000,,N,N,,I,MCINTOSH,MCINTOSH CO SO DARIEN,McIntosh,,A,13,Georgia,GA,GA,5,South Atlantic,3,South,Region III,County,11729,23363,GAUCR0001,Georgia Bureau of Investigation Georgia Crime Information Center,Y,21,9C,"MSA counties from 10,000 thru 24,999",9,MSA Counties,N,21,,Y,31,6,37,9,20,29,3.4,5.6,2018-01-01,2019-02-01,2022-02-01,2022-02-01,2022-02-01,2022-02-01,N,MCINTOSH,"Brunswick-St. Simons, GA",Y,Y,Y
39352024,3935,2024,GA0960400,GA0960400,,N,N,,I,OGLETHORPE,OGLETHORPE PD,Oglethorpe,,A,13,Georgia,GA,GA,5,South Atlantic,3,South,Region III,City,940,23363,GAUCR0001,Georgia Bureau of Investigation Georgia Crime Information Center,N,11,7,"Cities under 2,500",7,"Cities under 2,500",N,11,,Y,3,0,3,1,1,2,4.3,5.3,2018-01-01,2020-07-01,2020-07-01,2021-01-01,2021-01-01,2021-04-01,N,MACON,Not Specified,Y,Y,Y
39372024,3937,2024,GA0970000,GA0970000,,N,N,,I,MADISON,MADISON CO SO DANIELSVILLE,Madison,,A,13,Georgia,GA,GA,5,South Atlantic,3,South,Region III,County,32146,23363,GAUCR0001,Georgia Bureau of Investigation Georgia Crime Information Center,Y,20,9B,"MSA counties from 25,000 thru 99,999",9,MSA Counties,N,20,,Y,49,17,66,7,16,23,1.7,2.8,2018-01-01,2019-10-01,2019-10-01,2020-01-01,2020-01-01,2020-01-01,N,MADISON,"Athens-Clarke County, GA",Y,Y,Y
39402024,3940,2024,GA0970300,GA0970300,,N,N,,I,DANIELSVILLE,DANIELSVILLE PD,Danielsville,,A,13,Georgia,GA,GA,5,South Atlantic,3,South,Region III,City,850,23363,GAUCR0001,Georgia Bureau of Investigation Georgia Crime Information Center,Y,11,7,"Cities under 2,500",7,"Cities under 2,500",N,11,,Y,3,0,3,0,0,0,3.5,3.5,2018-01-01,2019-07-01,2019-07-01,2020-06-01,2020-06-01,2020-06-01,N,MADISON,"Athens-Clarke County, GA",Y,Y,Y
39422024,3942,2024,GA0980000,GA0980000,,N,N,,I,MARION,MARION CO SO BUENA VISTA,Marion,,A,13,Georgia,GA,GA,5,South Atlantic,3,South,Region III,County,5919,23363,GAUCR0001,Georgia Bureau of Investigation Georgia Crime Information Center,Y,22,9D,"MSA counties under 10,000",9,MSA Counties,N,22,,Y,6,4,10,1,5,6,1.2,2.7,2018-01-01,2019-10-01,2019-10-01,2020-02-01,2020-02-01,2020-03-01,N,MARION,"Columbus, GA-AL",Y,Y,Y
39442024,3944,2024,GA0990000,GA0990000,,N,N,,I,MERIWETHER,MERIWETHER CO SO GREENVILLE,Meriwether,,A,13,Georgia,GA,GA,5,South Atlantic,3,South,Region III,County,14711,23363,GAUCR0001,Georgia Bureau of Investigation Georgia Crime Information Center,Y,21,9C,"MSA counties from 10,000 thru 24,999",9,MSA Counties,N,21,,Y,22,7,29,3,9,12,1.7,2.8,2018-01-01,2019-01-01,2019-01-01,2019-12-01,2019-12-01,2019-12-01,N,MERIWETHER,"Atlanta-Sandy Springs-Roswell, GA",Y,Y,Y
39452024,3945,2024,GA0990100,GA0990100,,N,N,,I,MANCHESTER,MANCHESTER PD,Manchester,,A,13,Georgia,GA,GA,5,South Atlantic,3,South,Region III,City,3511,23363,GAUCR0001,Georgia Bureau of Investigation Georgia Crime Information Center,Y,10,6,"Cities from 2,500 thru 9,999",6,"Cities from 2,500 thru 9,999",N,10,,Y,9,0,9,0,1,1,2.6,2.8,2018-01-01,2018-12-01,2018-12-01,2019-06-01,2019-06-01,2019-06-01,N,"MERIWETHER, TALBOT","Atlanta-Sandy Springs-Roswell, GA",Y,Y,Y
39462024,3946,2024,GA0990200,GA0990200,,N,N,,I,GREENVILLE,GREENVILLE PD,Greenville,,A,13,Georgia,GA,GA,5,South Atlantic,3,South,Region III,City,800,23363,GAUCR0001,Georgia Bureau of Investigation Georgia Crime Information Center,Y,11,7,"Cities under 2,500",7,"Cities under 2,500",N,11,,Y,5,0,5,0,2,2,6.3,8.8,2018-01-01,2021-01-01,2021-09-01,2023-04-01,2021-09-01,2021-09-01,N,MERIWETHER,"Atlanta-Sandy Springs-Roswell, GA",Y,Y,Y
39532024,3953,2024,GA1010000,GA1010000,,N,N,,I,MITCHELL,MITCHELL CO SO CAMILLA,Mitchell,,A,13,Georgia,GA,GA,5,South Atlantic,3,South,Region III,County,12162,23363,GAUCR0001,Georgia Bureau of Investigation Georgia Crime Information Center,N,15,8C,"Non-MSA counties from 10,000 thru 24,999",8,Non-MSA Counties,N,15,,Y,21,9,30,1,19,20,1.8,4.1,2018-01-01,2019-10-01,2019-10-01,2020-03-01,2020-03-01,2020-03-01,N,MITCHELL,Not Specified,Y,Y,Y
39542024,3954,2024,GA1010100,GA1010100,,N,N,,I,CAMILLA,CAMILLA PD,Camilla,,A,13,Georgia,GA,GA,5,South Atlantic,3,South,Region III,City,5063,23363,GAUCR0001,Georgia Bureau of Investigation Georgia Crime Information Center,N,10,6,"Cities from 2,500 thru 9,999",6,"Cities from 2,500 thru 9,999",N,10,,Y,12,1,13,6,2,8,3.6,4.1,2018-01-01,2019-10-01,2019-10-01,2020-10-01,2020-06-01,,N,MITCHELL,Not Specified,Y,Y,Y
39552024,3955,2024,GA1010300,GA1010300,,N,N,,I,PELHAM,PELHAM PD,Pelham,,A,13,Georgia,GA,GA,5,South Atlantic,3,South,Region III,City,3413,23363,GAUCR0001,Georgia Bureau of Investigation Georgia Crime Information Center,N,10,6,"Cities from 2,500 thru 9,999",6,"Cities from 2,500 thru 9,999",N,10,,Y,10,1,11,1,1,2,3.2,3.8,2018-01-01,2019-10-01,2019-10-01,2020-03-01,2020-03-01,2020-03-01,N,MITCHELL,Not Specified,Y,Y,Y
39582024,3958,2024,GA1020000,GA1020000,,N,N,,I,MONROE,MONROE CO SO FORSYTH,Monroe,,A,13,Georgia,GA,GA,5,South Atlantic,3,South,Region III,County,26635,23363,GAUCR0001,Georgia Bureau of Investigation Georgia Crime Information Center,Y,20,9B,"MSA counties from 25,000 thru 99,999",9,MSA Counties,N,20,,Y,55,13,68,10,31,41,2.4,4.1,2018-01-01,2019-09-01,2022-02-01,2022-02-01,2022-02-01,2022-02-01,N,MONROE,"Macon-Bibb County, GA",Y,Y,Y
39612024,3961,2024,GA1020300,GA1020300,,N,N,,I,GA PUB SAFETY TRAIN CTR,GA PUB SAFETY TRAINING CTR SEC POLICE FORSYTH,Georgia Public Safety Training Center,,A,13,Georgia,GA,GA,5,South Atlantic,3,South,Region III,Other State Agency,0,23363,GAUCR0001,Georgia Bureau of Investigation Georgia Crime Information Center,Y,22,9D,"MSA counties under 10,000",9,MSA Counties,N,22,,Y,100,36,136,6,77,83,0,0,2018-01-01,2019-10-01,2019-10-01,,,,N,MONROE,"Macon-Bibb County, GA",Y,Y,Y
39642024,3964,2024,GA1030000,GA1030000,,N,N,,I,MONTGOMERY,MONTGOMERY CO SO MT VERNON,Montgomery,,A,13,Georgia,GA,GA,5,South Atlantic,3,South,Region III,County,6302,23363,GAUCR0001,Georgia Bureau of Investigation Georgia Crime Information Center,N,16,8D,"Non-MSA counties under 10,000",8,Non-MSA Counties,N,16,,Y,10,0,10,1,10,11,1.7,3.3,2018-01-01,2019-07-01,2019-07-01,2019-11-01,2019-07-01,2019-11-01,N,MONTGOMERY,Not Specified,Y,Y,Y
39692024,3969,2024,GA1040100,GA1040100,,N,N,,I,MADISON,MADISON PD,Madison,,A,13,Georgia,GA,GA,5,South Atlantic,3,South,Region III,City,5154,23363,GAUCR0001,Georgia Bureau of Investigation Georgia Crime Information Center,Y,10,6,"Cities from 2,500 thru 9,999",6,"Cities from 2,500 thru 9,999",N,10,,Y,12,0,12,1,2,3,2.5,2.9,2018-01-01,2019-10-01,2019-10-01,2021-03-01,2021-03-01,2021-03-01,N,MORGAN,"Atlanta-Sandy Springs-Roswell, GA",Y,Y,Y
39712024,3971,2024,GA1050000,GA1050000,,N,N,,I,MURRAY,MURRAY CO SO CHATSWORTH,Murray,,A,13,Georgia,GA,GA,5,South Atlantic,3,South,Region III,County,35827,23363,GAUCR0001,Georgia Bureau of Investigation Georgia Crime Information Center,Y,20,9B,"MSA counties from 25,000 thru 99,999",9,MSA Counties,N,20,,Y,44,19,63,10,14,24,1.5,2.4,2018-01-01,2019-06-01,2019-06-01,2019-12-01,2019-12-01,2019-12-01,N,MURRAY,"Dalton, GA",Y,Y,Y
39722024,3972,2024,GA1050100,GA1050100,,N,N,,I,CHATSWORTH,CHATSWORTH PD,Chatsworth,,A,13,Georgia,GA,GA,5,South Atlantic,3,South,Region III,City,4882,23363,GAUCR0001,Georgia Bureau of Investigation Georgia Crime Information Center,Y,10,6,"Cities from 2,500 thru 9,999",6,"Cities from 2,500 thru 9,999",N,10,,Y,22,0,22,1,2,3,4.7,5.1,2018-01-01,2019-02-01,2019-02-01,2019-09-01,2019-09-01,2019-09-01,N,MURRAY,"Dalton, GA",Y,Y,Y
39732024,3973,2024,GA1050200,GA1050200,,N,N,,I,ETON,ETON PD,Eton,,A,13,Georgia,GA,GA,5,South Atlantic,3,South,Region III,City,852,23363,GAUCR0001,Georgia Bureau of Investigation Georgia Crime Information Center,Y,11,7,"Cities under 2,500",7,"Cities under 2,500",N,11,,Y,4,0,4,1,0,1,5.9,5.9,2018-01-01,2019-08-01,2019-08-01,2019-11-01,2019-10-01,2019-10-01,N,MURRAY,"Dalton, GA",Y,Y,Y
39742024,3974,2024,GA1060000,GA1060000,,N,N,,I,MUSCOGEE,MUSCOGEE CO SO COLUMBUS,Muscogee ,,A,13,Georgia,GA,GA,5,South Atlantic,3,South,Region III,County,0,23363,GAUCR0001,Georgia Bureau of Investigation Georgia Crime Information Center,Y,22,9D,"MSA counties under 10,000",9,MSA Counties,N,22,,Y,153,49,202,45,70,115,0,0,2018-01-01,2020-01-01,2020-01-01,2021-09-01,2021-03-01,2023-04-01,N,MUSCOGEE,"Columbus, GA-AL",Y,Y,Y
39752024,3975,2024,GA1060100,GA1060100,,N,N,,I,COLUMBUS,COLUMBUS PD,Columbus,,A,13,Georgia,GA,GA,5,South Atlantic,3,South,Region III,City,201061,23363,GAUCR0001,Georgia Bureau of Investigation Georgia Crime Information Center,N,6,2,"Cities from 100,000 thru 249,999",2,"Cities from 100,000 thru 249,999",Y,6,,Y,284,21,305,81,106,187,1.8,2.4,2018-01-01,2018-01-01,2021-07-01,2021-07-01,2021-07-01,2021-07-01,N,MUSCOGEE,"Columbus, GA-AL",Y,Y,Y
39772024,3977,2024,GA1060400,GA1060400,,N,N,,I,COLUMBUS STATE UNIVERSIT,COLUMBUS COLLEGE CAMPUS SAFETY SEC PD COLUMBUS,Columbus State University,,A,13,Georgia,GA,GA,5,South Atlantic,3,South,Region III,University or College,0,23363,GAUCR0001,Georgia Bureau of Investigation Georgia Crime Information Center,Y,11,7,"Cities under 2,500",7,"Cities under 2,500",N,11,,Y,16,2,18,6,4,10,0,0,2018-01-01,2020-01-01,2020-01-01,2020-06-01,2020-06-01,2020-06-01,N,MUSCOGEE,"Columbus, GA-AL",Y,Y,Y
39792024,3979,2024,GA1070000,GA1070000,,N,N,,I,NEWTON,NEWTON CO SO COVINGTON,Newton,,A,13,Georgia,GA,GA,5,South Atlantic,3,South,Region III,County,104146,23363,GAUCR0001,Georgia Bureau of Investigation Georgia Crime Information Center,Y,19,9A,"MSA counties 100,000 or over",9,MSA Counties,Y,19,,Y,119,40,159,43,39,82,1.6,2.3,2018-01-01,2018-10-01,2018-10-01,2019-06-01,2019-06-01,2019-06-01,N,NEWTON,"Atlanta-Sandy Springs-Roswell, GA",Y,Y,Y
39802024,3980,2024,GA1070100,GA1070100,,N,N,,I,COVINGTON,COVINGTON PD,Covington,,A,13,Georgia,GA,GA,5,South Atlantic,3,South,Region III,City,14825,23363,GAUCR0001,Georgia Bureau of Investigation Georgia Crime Information Center,Y,9,5,"Cities from 10,000 thru 24,999",5,"Cities from 10,000 thru 24,999",N,9,,Y,53,1,54,10,10,20,4.2,5.0,2018-01-01,2020-01-01,2020-01-01,2020-05-01,2020-05-01,2020-05-01,N,NEWTON,"Atlanta-Sandy Springs-Roswell, GA",Y,Y,Y
39812024,3981,2024,GA1070200,GA1070200,,N,N,,I,OXFORD,OXFORD PD,Oxford,,A,13,Georgia,GA,GA,5,South Atlantic,3,South,Region III,City,2291,23363,GAUCR0001,Georgia Bureau of Investigation Georgia Crime Information Center,Y,11,7,"Cities under 2,500",7,"Cities under 2,500",N,11,,Y,3,1,4,0,0,0,1.3,1.7,2018-01-01,2019-06-01,2019-06-01,2019-07-01,2019-07-01,2019-07-01,N,NEWTON,"Atlanta-Sandy Springs-Roswell, GA",Y,Y,Y
39822024,3982,2024,GA1070300,GA1070300,,N,N,,I,PORTERDALE,PORTERDALE PD,Porterdale,,A,13,Georgia,GA,GA,5,South Atlantic,3,South,Region III,City,1912,23363,GAUCR0001,Georgia Bureau of Investigation Georgia Crime Information Center,Y,11,7,"Cities under 2,500",7,"Cities under 2,500",N,11,,Y,5,1,6,0,1,1,2.6,3.7,2018-01-01,2023-12-01,2023-12-01,2023-12-01,2023-12-01,2023-12-01,N,NEWTON,"Atlanta-Sandy Springs-Roswell, GA",Y,Y,Y
39842024,3984,2024,GA1080000,GA1080000,,N,N,,I,OCONEE,OCONEE CO SO WATKINSVILLE,Oconee,,A,13,Georgia,GA,GA,5,South Atlantic,3,South,Region III,County,45123,23363,GAUCR0001,Georgia Bureau of Investigation Georgia Crime Information Center,Y,20,9B,"MSA counties from 25,000 thru 99,999",9,MSA Counties,N,20,,Y,58,6,64,9,19,28,1.5,2.0,2018-01-01,2019-01-01,2022-02-01,2022-02-01,2022-02-01,2022-02-01,N,OCONEE,"Athens-Clarke County, GA",Y,Y,Y
39882024,3988,2024,GA1100000,GA1100000,,N,N,,I,PAULDING,PAULDING CO SO DALLAS,Paulding,,A,13,Georgia,GA,GA,5,South Atlantic,3,South,Region III,County,167762,23363,GAUCR0001,Georgia Bureau of Investigation Georgia Crime Information Center,Y,19,9A,"MSA counties 100,000 or over",9,MSA Counties,Y,19,,Y,151,53,204,32,71,103,1.1,1.8,2018-01-01,2018-01-01,2018-01-01,2019-07-01,2019-07-01,2019-07-01,N,PAULDING,"Atlanta-Sandy Springs-Roswell, GA",Y,Y,Y
39892024,3989,2024,GA1100100,GA1100100,,N,N,,I,DALLAS,DALLAS PD,Dallas,,A,13,Georgia,GA,GA,5,South Atlantic,3,South,Region III,City,15276,23363,GAUCR0001,Georgia Bureau of Investigation Georgia Crime Information Center,Y,9,5,"Cities from 10,000 thru 24,999",5,"Cities from 10,000 thru 24,999",N,9,,Y,18,1,19,2,14,16,1.3,2.3,2018-01-01,2019-02-01,2019-02-01,2020-08-01,2020-07-01,2020-07-01,N,PAULDING,"Atlanta-Sandy Springs-Roswell, GA",Y,Y,Y
39902024,3990,2024,GA1100200,GA1100200,,N,N,,I,HIRAM,HIRAM PD,Hiram,,A,13,Georgia,GA,GA,5,South Atlantic,3,South,Region III,City,5492,23363,GAUCR0001,Georgia Bureau of Investigation Georgia Crime Information Center,Y,10,6,"Cities from 2,500 thru 9,999",6,"Cities from 2,500 thru 9,999",N,10,,Y,25,2,27,4,3,7,5.3,6.2,2018-01-01,2019-03-01,2019-03-01,2020-07-01,2020-06-01,2020-06-01,N,PAULDING,"Atlanta-Sandy Springs-Roswell, GA",Y,Y,Y
39912024,3991,2024,GA1100400,GA1100400,,N,N,,I,BRASWELL,BRASWELL POLICE DEPARTMENT BRASWELL,Braswell ,,A,13,Georgia,GA,GA,5,South Atlantic,3,South,Region III,City,370,23363,GAUCR0001,Georgia Bureau of Investigation Georgia Crime Information Center,Y,11,7,"Cities under 2,500",7,"Cities under 2,500",N,11,,Y,1,0,1,0,1,1,2.7,5.4,2018-01-01,2019-10-01,2019-10-01,2020-05-01,2020-05-01,2020-05-01,N,"PAULDING, POLK","Atlanta-Sandy Springs-Roswell, GA",Y,Y,Y
39922024,3992,2024,GA1110000,GA1110000,,N,N,,I,PEACH,PEACH CO SO FORT VALLEY,Peach,,A,13,Georgia,GA,GA,5,South Atlantic,3,South,Region III,County,13298,23363,GAUCR0001,Georgia Bureau of Investigation Georgia Crime Information Center,Y,21,9C,"MSA counties from 10,000 thru 24,999",9,MSA Counties,N,21,,Y,31,13,44,2,12,14,2.5,4.4,2018-01-01,2018-06-01,2018-06-01,2019-06-01,2019-06-01,2019-06-01,N,PEACH,"Warner Robins, GA",Y,Y,Y
39942024,3994,2024,GA1110200,GA1110200,,N,N,,I,BYRON,BYRON PD,Byron,,A,13,Georgia,GA,GA,5,South Atlantic,3,South,Region III,City,6277,23363,GAUCR0001,Georgia Bureau of Investigation Georgia Crime Information Center,Y,10,6,"Cities from 2,500 thru 9,999",6,"Cities from 2,500 thru 9,999",N,10,,Y,21,0,21,1,2,3,3.5,3.8,2018-01-01,2019-05-01,2019-05-01,2020-08-01,2020-05-01,2020-05-01,N,PEACH,"Warner Robins, GA",Y,Y,Y
39952024,3995,2024,GA1110300,GA1110300,,N,N,,I,FORT VALLEY STATE UNIVER,FORT VALLEY STATE UNIVERSITY DPS,Fort Valley State University,,A,13,Georgia,GA,GA,5,South Atlantic,3,South,Region III,University or College,0,23363,GAUCR0001,Georgia Bureau of Investigation Georgia Crime Information Center,Y,11,7,"Cities under 2,500",7,"Cities under 2,500",N,11,,Y,7,2,9,10,3,13,0,0,2018-01-01,2019-08-01,2019-08-01,2019-11-01,2019-11-01,2019-11-01,N,PEACH,"Warner Robins, GA",Y,Y,Y
39962024,3996,2024,GA1120000,GA1120000,,N,N,,I,PICKENS,PICKENS CO SO JASPER,Pickens,,A,13,Georgia,GA,GA,5,South Atlantic,3,South,Region III,County,31181,23363,GAUCR0001,Georgia Bureau of Investigation Georgia Crime Information Center,Y,20,9B,"MSA counties from 25,000 thru 99,999",9,MSA Counties,N,20,,Y,55,22,77,13,12,25,2.2,3.3,2018-01-01,2019-09-01,2019-09-01,2020-07-01,2020-07-01,2020-07-01,N,PICKENS,"Atlanta-Sandy Springs-Roswell, GA",Y,Y,Y
39972024,3997,2024,GA1120100,GA1120100,,N,N,,I,JASPER,JASPER,Jasper,,A,13,Georgia,GA,GA,5,South Atlantic,3,South,Region III,City,5298,23363,GAUCR0001,Georgia Bureau of Investigation Georgia Crime Information Center,Y,10,6,"Cities from 2,500 thru 9,999",6,"Cities from 2,500 thru 9,999",N,10,,Y,19,0,19,1,2,3,3.8,4.2,2018-01-01,2019-09-01,2019-09-01,2020-09-01,2020-09-01,2020-09-01,N,PICKENS,"Atlanta-Sandy Springs-Roswell, GA",Y,Y,Y
40002024,4000,2024,GA1130000,GA1130000,,N,N,,I,PIERCE,PIERCE CO SO BLACKSHEAR,Pierce,,A,13,Georgia,GA,GA,5,South Atlantic,3,South,Region III,County,16266,23363,GAUCR0001,Georgia Bureau of Investigation Georgia Crime Information Center,N,15,8C,"Non-MSA counties from 10,000 thru 24,999",8,Non-MSA Counties,N,15,,Y,23,15,38,1,14,15,1.5,3.3,2018-01-01,2018-06-01,2018-06-01,2019-06-01,2019-06-01,2019-06-01,N,PIERCE,Not Specified,Y,Y,Y
40012024,4001,2024,GA1130100,GA1130100,,N,N,,I,BLACKSHEAR,BLACKSHEAR PD,Blackshear,,A,13,Georgia,GA,GA,5,South Atlantic,3,South,Region III,City,3694,23363,GAUCR0001,Georgia Bureau of Investigation Georgia Crime Information Center,N,10,6,"Cities from 2,500 thru 9,999",6,"Cities from 2,500 thru 9,999",N,10,,Y,16,0,16,2,2,4,4.9,5.4,2018-01-01,2019-10-01,2019-10-01,2020-08-01,2020-02-01,2020-04-01,N,PIERCE,Not Specified,Y,Y,Y
40022024,4002,2024,GA1130200,GA1130200,,N,N,,I,PATTERSON,PATTERSON PD,Patterson,,A,13,Georgia,GA,GA,5,South Atlantic,3,South,Region III,City,779,23363,GAUCR0001,Georgia Bureau of Investigation Georgia Crime Information Center,N,11,7,"Cities under 2,500",7,"Cities under 2,500",N,11,,N,,,,,,,,,2018-01-01,2022-01-01,2022-02-01,,2022-02-01,2022-02-01,N,PIERCE,Not Specified,Y,Y,Y
40032024,4003,2024,GA1140000,GA1140000,,N,N,,I,PIKE,PIKE CO SO ZEBULON,Pike,,A,13,Georgia,GA,GA,5,South Atlantic,3,South,Region III,County,19293,23363,GAUCR0001,Georgia Bureau of Investigation Georgia Crime Information Center,Y,21,9C,"MSA counties from 10,000 thru 24,999",9,MSA Counties,N,21,,Y,21,11,32,6,14,20,1.4,2.7,2018-01-01,2019-10-01,2019-10-01,2020-01-01,2020-01-01,2020-01-01,N,PIKE,"Atlanta-Sandy Springs-Roswell, GA",Y,Y,Y
40042024,4004,2024,GA1140100,GA1140100,,N,N,,I,ZEBULON,ZEBULON PD,Zebulon,,A,13,Georgia,GA,GA,5,South Atlantic,3,South,Region III,City,1358,23363,GAUCR0001,Georgia Bureau of Investigation Georgia Crime Information Center,Y,11,7,"Cities under 2,500",7,"Cities under 2,500",N,11,,N,,,,,,,,,2018-01-01,2020-01-01,2020-01-01,2021-03-01,2021-03-01,2022-11-01,N,PIKE,"Atlanta-Sandy Springs-Roswell, GA",Y,Y,Y
40072024,4007,2024,GA1150000,GA1150000,,N,N,,I,POLK,SO CEDARTOWN,Polk,,A,13,Georgia,GA,GA,5,South Atlantic,3,South,Region III,County,0,23363,GAUCR0001,Georgia Bureau of Investigation Georgia Crime Information Center,N,16,8D,"Non-MSA counties under 10,000",8,Non-MSA Counties,N,16,,Y,32,20,52,5,26,31,0,0,2018-01-01,2018-12-01,2018-12-01,2020-11-01,2019-11-01,2019-11-01,N,POLK,Not Specified,Y,Y,Y
40082024,4008,2024,GA1150100,GA1150100,,N,N,,I,CEDARTOWN,CEDARTOWN PD,Cedartown,,A,13,Georgia,GA,GA,5,South Atlantic,3,South,Region III,City,10338,23363,GAUCR0001,Georgia Bureau of Investigation Georgia Crime Information Center,N,9,5,"Cities from 10,000 thru 24,999",5,"Cities from 10,000 thru 24,999",N,9,,Y,28,1,29,3,4,7,3.0,3.5,2018-01-01,2019-09-01,2019-09-01,2020-08-01,2020-06-01,2020-06-01,N,POLK,Not Specified,Y,Y,Y
40092024,4009,2024,GA1150200,GA1150200,,N,N,,I,ROCKMART,ROCKMART PD,Rockmart,,A,13,Georgia,GA,GA,5,South Atlantic,3,South,Region III,City,5274,23363,GAUCR0001,Georgia Bureau of Investigation Georgia Crime Information Center,N,10,6,"Cities from 2,500 thru 9,999",6,"Cities from 2,500 thru 9,999",N,10,,Y,18,0,18,3,2,5,4.0,4.4,2018-01-01,2018-01-01,2018-01-01,2020-10-01,2020-05-01,2020-05-01,N,POLK,Not Specified,Y,Y,Y
40102024,4010,2024,GA1150300,GA1150300,,N,N,,I,POLK COUNTY POLICE DEPT,POLK COUNTY PD CEDARTOWN,Polk County Police Department,,A,13,Georgia,GA,GA,5,South Atlantic,3,South,Region III,County,27565,23363,GAUCR0001,Georgia Bureau of Investigation Georgia Crime Information Center,N,14,8B,"Non-MSA counties from 25,000 thru 99,999",8,Non-MSA Counties,N,14,,Y,31,0,31,3,3,6,1.2,1.3,2018-01-01,2019-10-01,2019-10-01,2021-03-01,2021-03-01,2021-03-01,N,POLK,Not Specified,Y,Y,Y
40122024,4012,2024,GA1160000,GA1160000,,N,N,,I,PULASKI,PULASKI CO SO HAWKINSVILLE,Pulaski,,A,13,Georgia,GA,GA,5,South Atlantic,3,South,Region III,County,10219,23363,GAUCR0001,Georgia Bureau of Investigation Georgia Crime Information Center,N,15,8C,"Non-MSA counties from 10,000 thru 24,999",8,Non-MSA Counties,N,15,,N,,,,,,,,,2018-01-01,2019-10-01,2019-10-01,2019-12-01,2019-12-01,2019-12-01,N,PULASKI,Not Specified,Y,Y,Y
40142024,4014,2024,GA1170000,GA1170000,,N,N,,I,PUTNAM,PUTNAM CO SO EATONTON,Putnam,,A,13,Georgia,GA,GA,5,South Atlantic,3,South,Region III,County,16898,23363,GAUCR0001,Georgia Bureau of Investigation Georgia Crime Information Center,N,15,8C,"Non-MSA counties from 10,000 thru 24,999",8,Non-MSA Counties,N,15,,N,,,,,,,,,2018-01-01,2019-09-01,2019-09-01,2019-12-01,2019-12-01,2019-12-01,N,PUTNAM,Not Specified,Y,Y,Y
40152024,4015,2024,GA1170100,GA1170100,,N,N,,I,EATONTON,EATONTON PD,Eatonton,,A,13,Georgia,GA,GA,5,South Atlantic,3,South,Region III,City,6661,23363,GAUCR0001,Georgia Bureau of Investigation Georgia Crime Information Center,N,10,6,"Cities from 2,500 thru 9,999",6,"Cities from 2,500 thru 9,999",N,10,,Y,13,0,13,1,7,8,2.1,3.2,2018-01-01,2019-01-01,2019-01-01,2019-08-01,2019-08-01,2019-08-01,N,PUTNAM,Not Specified,Y,Y,Y
40182024,4018,2024,GA1190000,GA1190000,,N,N,,I,RABUN,RABUN CO SO CLAYTON,Rabun,,A,13,Georgia,GA,GA,5,South Atlantic,3,South,Region III,County,13716,23363,GAUCR0001,Georgia Bureau of Investigation Georgia Crime Information Center,N,15,8C,"Non-MSA counties from 10,000 thru 24,999",8,Non-MSA Counties,N,15,,Y,34,11,45,4,11,15,2.8,4.4,2018-01-01,2019-10-01,2019-10-01,2019-11-01,2019-11-01,2019-11-01,N,RABUN,Not Specified,Y,Y,Y
40192024,4019,2024,GA1190100,GA1190100,,N,N,,I,CLAYTON,CLAYTON PD,Clayton,,A,13,Georgia,GA,GA,5,South Atlantic,3,South,Region III,City,2086,23363,GAUCR0001,Georgia Bureau of Investigation Georgia Crime Information Center,N,11,7,"Cities under 2,500",7,"Cities under 2,500",N,11,,Y,7,0,7,2,1,3,4.3,4.8,2018-01-01,2020-01-01,2021-09-01,2021-09-01,2021-09-01,2021-09-01,N,RABUN,Not Specified,Y,Y,Y
40242024,4024,2024,GA1200000,GA1200000,,N,N,,I,RANDOLPH,RANDOLPH CO SO CUTHBERT,Randolph,,A,13,Georgia,GA,GA,5,South Atlantic,3,South,Region III,County,3159,23363,GAUCR0001,Georgia Bureau of Investigation Georgia Crime Information Center,N,16,8D,"Non-MSA counties under 10,000",8,Non-MSA Counties,N,16,,Y,11,7,18,2,13,15,4.1,10.4,2018-01-01,2019-10-01,2023-01-01,2023-01-01,2023-01-01,2023-01-01,N,RANDOLPH,Not Specified,Y,Y,Y
40282024,4028,2024,GA1210000,GA1210000,,N,N,,I,AUGUSTA-RICHMOND,RICHMOND CO SO AUGUSTA,Augusta-Richmond,,A,13,Georgia,GA,GA,5,South Atlantic,3,South,Region III,County,201399,23363,GAUCR0001,Georgia Bureau of Investigation Georgia Crime Information Center,Y,19,9A,"MSA counties 100,000 or over",9,MSA Counties,Y,19,,Y,234,129,363,62,157,219,1.5,2.9,2018-01-01,2023-01-01,2023-01-01,2023-01-01,2023-01-01,2023-01-01,N,RICHMOND,"Augusta-Richmond County, GA-SC",Y,Y,Y
40312024,4031,2024,GA1210300,GA1210300,,N,N,,I,HEPHZIBAH,HEPHZIBAH PD,Hephzibah,,A,13,Georgia,GA,GA,5,South Atlantic,3,South,Region III,City,3811,23363,GAUCR0001,Georgia Bureau of Investigation Georgia Crime Information Center,Y,10,6,"Cities from 2,500 thru 9,999",6,"Cities from 2,500 thru 9,999",N,10,,Y,11,2,13,0,1,1,2.9,3.7,2018-01-01,2020-10-01,2022-01-01,2022-01-01,2022-01-01,2022-01-01,N,RICHMOND,"Augusta-Richmond County, GA-SC",Y,Y,Y
40322024,4032,2024,GA1210400,GA1210400,,N,N,,I,AUGUSTA UNIVERSITY,MEDICAL COLLEGE OF GEORGIA PUBLIC SAFETY,Augusta University,,A,13,Georgia,GA,GA,5,South Atlantic,3,South,Region III,University or College,0,23363,GAUCR0001,Georgia Bureau of Investigation Georgia Crime Information Center,Y,11,7,"Cities under 2,500",7,"Cities under 2,500",N,11,,Y,30,2,32,5,10,15,0,0,2018-01-01,2019-08-01,2019-08-01,2019-10-01,2019-10-01,2020-02-01,N,RICHMOND,"Augusta-Richmond County, GA-SC",Y,Y,Y
40342024,4034,2024,GA1210600,GA1210600,,N,N,,I,AUGUSTA BOARD OF EDUCAT,COUNTY BOARD OF EDUCATION DPS AUGUSTA,Augusta Board of Education,,A,13,Georgia,GA,GA,5,South Atlantic,3,South,Region III,Other,0,23363,GAUCR0001,Georgia Bureau of Investigation Georgia Crime Information Center,Y,22,9D,"MSA counties under 10,000",9,MSA Counties,N,22,,Y,29,1,30,5,4,9,0,0,2018-01-01,2019-09-01,2019-09-01,2019-11-01,2019-10-01,2019-10-01,N,RICHMOND,"Augusta-Richmond County, GA-SC",Y,Y,Y
40362024,4036,2024,GA1210800,GA1210800,,N,N,,I,BLYTHE,CITY OF BLYTHE POLICE DEPARTMENT BLYTHE,Blythe,,A,13,Georgia,GA,GA,5,South Atlantic,3,South,Region III,City,777,23363,GAUCR0001,Georgia Bureau of Investigation Georgia Crime Information Center,Y,11,7,"Cities under 2,500",7,"Cities under 2,500",N,11,,Y,3,0,3,0,0,0,3.9,3.9,2018-01-01,2018-12-01,2018-12-01,2019-10-01,2019-08-01,2019-10-01,N,"BURKE, RICHMOND","Augusta-Richmond County, GA-SC",Y,Y,Y
40382024,4038,2024,GA1220000,GA1220000,,N,N,,I,ROCKDALE,ROCKDALE CO SO CONYERS,Rockdale,,A,13,Georgia,GA,GA,5,South Atlantic,3,South,Region III,County,76936,23363,GAUCR0001,Georgia Bureau of Investigation Georgia Crime Information Center,Y,20,9B,"MSA counties from 25,000 thru 99,999",9,MSA Counties,N,20,,Y,120,38,158,46,66,112,2.2,3.5,2018-01-01,2020-09-01,2021-04-01,2021-04-01,2021-04-01,2021-04-01,N,ROCKDALE,"Atlanta-Sandy Springs-Roswell, GA",Y,Y,Y
40392024,4039,2024,GA1220100,GA1220100,,N,N,,I,CONYERS,CONYERS PD,Conyers,,A,13,Georgia,GA,GA,5,South Atlantic,3,South,Region III,City,20274,23363,GAUCR0001,Georgia Bureau of Investigation Georgia Crime Information Center,Y,9,5,"Cities from 10,000 thru 24,999",5,"Cities from 10,000 thru 24,999",N,9,,Y,52,5,57,17,26,43,3.4,4.9,2018-01-01,2020-02-01,2023-06-01,2023-06-01,2023-06-01,2023-06-01,N,ROCKDALE,"Atlanta-Sandy Springs-Roswell, GA",Y,Y,Y
40402024,4040,2024,GA1230000,GA1230000,,N,N,,I,SCHLEY,SCHLEY CO SO ELLAVILLE,Schley,,A,13,Georgia,GA,GA,5,South Atlantic,3,South,Region III,County,3016,23363,GAUCR0001,Georgia Bureau of Investigation Georgia Crime Information Center,N,16,8D,"Non-MSA counties under 10,000",8,Non-MSA Counties,N,16,,Y,5,3,8,0,2,2,1.7,3.3,2018-01-01,2019-10-01,2019-10-01,2021-02-01,2021-02-01,2021-02-01,N,SCHLEY,Not Specified,Y,Y,Y
40412024,4041,2024,GA1230100,GA1230100,,N,N,,I,ELLAVILLE,ELLAVILLE PD,Ellaville,,A,13,Georgia,GA,GA,5,South Atlantic,3,South,Region III,City,1526,23363,GAUCR0001,Georgia Bureau of Investigation Georgia Crime Information Center,N,11,7,"Cities under 2,500",7,"Cities under 2,500",N,11,,Y,6,0,6,0,0,0,3.9,3.9,2018-01-01,2019-10-01,2019-10-01,2021-02-01,2021-02-01,2021-02-01,N,SCHLEY,Not Specified,Y,Y,Y
40432024,4043,2024,GA1240100,GA1240100,,N,N,,I,SYLVANIA,SYLVANIA PD,Sylvania,,A,13,Georgia,GA,GA,5,South Atlantic,3,South,Region III,City,2628,23363,GAUCR0001,Georgia Bureau of Investigation Georgia Crime Information Center,N,10,6,"Cities from 2,500 thru 9,999",6,"Cities from 2,500 thru 9,999",N,10,,Y,9,0,9,0,3,3,3.4,4.6,2018-01-01,2019-07-01,2019-07-01,2020-02-01,2020-02-01,2020-02-01,N,SCREVEN,Not Specified,Y,Y,Y
40452024,4045,2024,GA1240300,GA1240300,,N,N,,I,NEWINGTON,NEWINGTON,Newington,,A,13,Georgia,GA,GA,5,South Atlantic,3,South,Region III,City,297,23363,GAUCR0001,Georgia Bureau of Investigation Georgia Crime Information Center,N,11,7,"Cities under 2,500",7,"Cities under 2,500",N,11,,N,,,,,,,,,2018-01-01,2019-10-01,2019-10-01,2020-01-01,2020-01-01,,N,SCREVEN,Not Specified,Y,Y,Y
40472024,4047,2024,GA1250000,GA1250000,,N,N,,I,SEMINOLE,SEMINOLE CO SO DONALSONVILLE,Seminole,,A,13,Georgia,GA,GA,5,South Atlantic,3,South,Region III,County,6295,23363,GAUCR0001,Georgia Bureau of Investigation Georgia Crime Information Center,N,16,8D,"Non-MSA counties under 10,000",8,Non-MSA Counties,N,16,,Y,21,1,22,5,9,14,4.1,5.7,2018-01-01,2019-10-01,2019-10-01,2020-05-01,2020-05-01,2020-05-01,N,SEMINOLE,Not Specified,Y,Y,Y
40482024,4048,2024,GA1250100,GA1250100,,N,N,,I,DONALSONVILLE,DONALSONVILLE PD,Donalsonville,,A,13,Georgia,GA,GA,5,South Atlantic,3,South,Region III,City,2822,23363,GAUCR0001,Georgia Bureau of Investigation Georgia Crime Information Center,N,10,6,"Cities from 2,500 thru 9,999",6,"Cities from 2,500 thru 9,999",N,10,,Y,6,1,7,3,1,4,3.2,3.9,2018-01-01,2019-10-01,2019-10-01,2019-11-01,2019-11-01,2019-12-01,N,SEMINOLE,Not Specified,Y,Y,Y
40492024,4049,2024,GA1260000,GA1260000,,N,N,,I,SPALDING,SPALDING CO SO GRIFFIN,Spalding,,A,13,Georgia,GA,GA,5,South Atlantic,3,South,Region III,County,46859,23363,GAUCR0001,Georgia Bureau of Investigation Georgia Crime Information Center,Y,20,9B,"MSA counties from 25,000 thru 99,999",9,MSA Counties,N,20,,Y,85,21,106,22,46,68,2.3,3.7,2018-01-01,2019-11-01,2019-11-01,2020-05-01,2020-05-01,2020-05-01,N,SPALDING,"Atlanta-Sandy Springs-Roswell, GA",Y,Y,Y
40502024,4050,2024,GA1260100,GA1260100,,N,N,,I,GRIFFIN,GRIFFIN PD,Griffin,,A,13,Georgia,GA,GA,5,South Atlantic,3,South,Region III,City,24238,23363,GAUCR0001,Georgia Bureau of Investigation Georgia Crime Information Center,Y,9,5,"Cities from 10,000 thru 24,999",5,"Cities from 10,000 thru 24,999",N,9,,Y,67,0,67,11,5,16,3.2,3.4,2018-01-01,2019-10-01,2019-10-01,2020-02-01,2020-02-01,2020-02-01,N,SPALDING,"Atlanta-Sandy Springs-Roswell, GA",Y,Y,Y
40512024,4051,2024,GA1260400,GA1260400,,N,N,,I,SOUTHERN CRESCENT TECH C,SOUTHERN CRESCENT TECHNICAL COLLEGE POLICE,Southern Crescent Technical College,,A,13,Georgia,GA,GA,5,South Atlantic,3,South,Region III,University or College,0,23363,GAUCR0001,Georgia Bureau of Investigation Georgia Crime Information Center,Y,11,7,"Cities under 2,500",7,"Cities under 2,500",N,11,,N,,,,,,,0,0,2018-01-01,2019-10-01,2019-10-01,2020-03-01,2020-03-01,2020-11-01,N,SPALDING,"Atlanta-Sandy Springs-Roswell, GA",Y,Y,Y
40532024,4053,2024,GA1270100,GA1270100,,N,N,,I,TOCCOA,TOCCOA PD,Toccoa,,A,13,Georgia,GA,GA,5,South Atlantic,3,South,Region III,City,9348,23363,GAUCR0001,Georgia Bureau of Investigation Georgia Crime Information Center,N,10,6,"Cities from 2,500 thru 9,999",6,"Cities from 2,500 thru 9,999",N,10,,Y,25,0,25,5,1,6,3.2,3.3,2018-01-01,2019-05-01,2019-05-01,2020-09-01,2020-09-01,2020-10-01,N,STEPHENS,Not Specified,Y,Y,Y
40582024,4058,2024,GA1290000,GA1290000,,N,N,,I,SUMTER,SUMTER CO SO AMERICUS,Sumter,,A,13,Georgia,GA,GA,5,South Atlantic,3,South,Region III,County,12384,23363,GAUCR0001,Georgia Bureau of Investigation Georgia Crime Information Center,N,15,8C,"Non-MSA counties from 10,000 thru 24,999",8,Non-MSA Counties,N,15,,Y,34,17,51,11,23,34,3.6,6.9,2018-01-01,2018-01-01,2018-01-01,2020-09-01,2020-05-01,2020-05-01,N,SUMTER,Not Specified,Y,Y,Y
40592024,4059,2024,GA1290100,GA1290100,,N,N,,I,AMERICUS,AMERICUS PD,Americus,,A,13,Georgia,GA,GA,5,South Atlantic,3,South,Region III,City,15541,23363,GAUCR0001,Georgia Bureau of Investigation Georgia Crime Information Center,N,9,5,"Cities from 10,000 thru 24,999",5,"Cities from 10,000 thru 24,999",N,9,,Y,24,1,25,2,6,8,1.7,2.1,2018-01-01,2019-08-01,2019-08-01,2019-09-01,2019-09-01,2019-09-01,N,SUMTER,Not Specified,Y,Y,Y
40602024,4060,2024,GA1290200,GA1290200,,N,N,,I,LESLIE,LESLIE PD,Leslie,,A,13,Georgia,GA,GA,5,South Atlantic,3,South,Region III,City,336,23363,GAUCR0001,Georgia Bureau of Investigation Georgia Crime Information Center,N,11,7,"Cities under 2,500",7,"Cities under 2,500",N,11,,Y,3,0,3,0,1,1,8.9,11.9,2018-01-01,2020-01-01,2020-01-01,2021-04-01,2021-04-01,2021-04-01,N,SUMTER,Not Specified,Y,Y,Y
40622024,4062,2024,GA1290400,GA1290400,,N,N,,I,GA SOUTHWESTERN STATE UN,GA SOUTHWESTERN STATE UNIV SECURITY PD,Georgia Southwestern State University,,A,13,Georgia,GA,GA,5,South Atlantic,3,South,Region III,University or College,0,23363,GAUCR0001,Georgia Bureau of Investigation Georgia Crime Information Center,N,11,7,"Cities under 2,500",7,"Cities under 2,500",N,11,,Y,7,0,7,0,1,1,0,0,2018-01-01,2018-12-01,2018-12-01,2019-03-01,2019-03-01,2019-03-01,N,SUMTER,Not Specified,Y,Y,Y
40632024,4063,2024,GA1300000,GA1300000,,N,N,,I,TALBOT,TALBOT CO SO TALBOTTON,Talbot,,A,13,Georgia,GA,GA,5,South Atlantic,3,South,Region III,County,4910,23363,GAUCR0001,Georgia Bureau of Investigation Georgia Crime Information Center,Y,22,9D,"MSA counties under 10,000",9,MSA Counties,N,22,,N,,,,,,,,,2018-01-01,2019-04-01,2019-04-01,2019-07-01,2019-07-01,2021-04-01,N,TALBOT,"Columbus, GA-AL",Y,Y,Y
40692024,4069,2024,GA1320000,GA1320000,,N,N,,I,TATTNALL,TATTNALL CO SO REIDSVILLE,Tattnall,,A,13,Georgia,GA,GA,5,South Atlantic,3,South,Region III,County,16576,23363,GAUCR0001,Georgia Bureau of Investigation Georgia Crime Information Center,N,15,8C,"Non-MSA counties from 10,000 thru 24,999",8,Non-MSA Counties,N,15,,N,,,,,,,,,2018-01-01,2019-01-01,2019-01-01,2020-11-01,2020-11-01,2020-11-01,N,TATTNALL,Not Specified,Y,Y,Y
40752024,4075,2024,GA1330100,GA1330100,,N,N,,I,BUTLER,BUTLER PD,Butler,,A,13,Georgia,GA,GA,5,South Atlantic,3,South,Region III,City,1819,23363,GAUCR0001,Georgia Bureau of Investigation Georgia Crime Information Center,N,11,7,"Cities under 2,500",7,"Cities under 2,500",N,11,,Y,5,0,5,2,1,3,3.8,4.4,2018-01-01,2020-01-01,2020-01-01,2020-11-01,2020-11-01,,N,TAYLOR,Not Specified,Y,Y,Y
40782024,4078,2024,GA1340100,GA1340100,,N,N,,I,MCRAE-HELENA,MC RAE PD,McRae-Helena,,A,13,Georgia,GA,GA,5,South Atlantic,3,South,Region III,City,4378,23363,GAUCR0001,Georgia Bureau of Investigation Georgia Crime Information Center,N,10,6,"Cities from 2,500 thru 9,999",6,"Cities from 2,500 thru 9,999",N,10,,Y,12,0,12,0,2,2,2.7,3.2,2018-01-01,2020-01-01,2020-01-01,2020-12-01,2020-12-01,2020-12-01,N,TELFAIR,Not Specified,Y,Y,Y
40842024,4084,2024,GA1350100,GA1350100,,N,N,,I,DAWSON,DAWSON PD,Dawson,,A,13,Georgia,GA,GA,5,South Atlantic,3,South,Region III,City,4140,23363,GAUCR0001,Georgia Bureau of Investigation Georgia Crime Information Center,Y,10,6,"Cities from 2,500 thru 9,999",6,"Cities from 2,500 thru 9,999",N,10,,Y,7,2,9,3,3,6,2.4,3.6,2018-01-01,2020-01-01,2020-01-01,2020-05-01,2020-05-01,,N,TERRELL,"Albany, GA",Y,Y,Y
40862024,4086,2024,GA1360000,GA1360000,,N,N,,I,THOMAS,THOMAS CO SO THOMASVILLE,Thomas,,A,13,Georgia,GA,GA,5,South Atlantic,3,South,Region III,County,24335,23363,GAUCR0001,Georgia Bureau of Investigation Georgia Crime Information Center,N,15,8C,"Non-MSA counties from 10,000 thru 24,999",8,Non-MSA Counties,N,15,,Y,59,15,74,4,16,20,2.6,3.9,2018-01-01,2019-10-01,2019-10-01,2020-02-01,2020-02-01,2020-02-01,N,THOMAS,Not Specified,Y,Y,Y
40872024,4087,2024,GA1360100,GA1360100,,N,N,,I,THOMASVILLE,THOMASVILLE PD,Thomasville,,A,13,Georgia,GA,GA,5,South Atlantic,3,South,Region III,City,18457,23363,GAUCR0001,Georgia Bureau of Investigation Georgia Crime Information Center,N,9,5,"Cities from 10,000 thru 24,999",5,"Cities from 10,000 thru 24,999",N,9,,Y,41,5,46,14,8,22,3.0,3.7,2018-01-01,2019-10-01,2019-10-01,2019-12-01,2019-12-01,2019-12-01,N,THOMAS,Not Specified,Y,Y,Y
40882024,4088,2024,GA1360200,GA1360200,,N,N,,I,BOSTON,BOSTON PD,Boston,,A,13,Georgia,GA,GA,5,South Atlantic,3,South,Region III,City,1218,23363,GAUCR0001,Georgia Bureau of Investigation Georgia Crime Information Center,N,11,7,"Cities under 2,500",7,"Cities under 2,500",N,11,,Y,5,0,5,0,0,0,4.1,4.1,2018-01-01,2020-01-01,2020-01-01,2020-10-01,2020-10-01,2020-10-01,N,THOMAS,Not Specified,Y,Y,Y
40892024,4089,2024,GA1360300,GA1360300,,N,N,,I,COOLIDGE,COOLIDGE PD,Coolidge,,A,13,Georgia,GA,GA,5,South Atlantic,3,South,Region III,City,530,23363,GAUCR0001,Georgia Bureau of Investigation Georgia Crime Information Center,N,11,7,"Cities under 2,500",7,"Cities under 2,500",N,11,,N,,,,,,,,,2018-01-01,2019-10-01,2019-10-01,2020-01-01,2020-01-01,2020-04-01,N,THOMAS,Not Specified,Y,Y,Y
40942024,4094,2024,GA1370000,GA1370000,,N,N,,I,TIFT,TIFT CO SO TIFTON,Tift,,A,13,Georgia,GA,GA,5,South Atlantic,3,South,Region III,County,23067,23363,GAUCR0001,Georgia Bureau of Investigation Georgia Crime Information Center,N,15,8C,"Non-MSA counties from 10,000 thru 24,999",8,Non-MSA Counties,N,15,,Y,45,16,61,6,26,32,2.2,4.0,2018-01-01,2018-08-01,2018-08-01,2019-10-01,2019-10-01,2019-10-01,N,TIFT,Not Specified,Y,Y,Y
40962024,4096,2024,GA1370200,GA1370200,,N,N,,I,OMEGA,OMEGA PD,Omega,,A,13,Georgia,GA,GA,5,South Atlantic,3,South,Region III,City,1320,23363,GAUCR0001,Georgia Bureau of Investigation Georgia Crime Information Center,N,11,7,"Cities under 2,500",7,"Cities under 2,500",N,11,,Y,6,0,6,1,1,2,5.3,6.1,2018-01-01,2019-10-01,2019-10-01,2020-02-01,2020-02-01,2020-02-01,N,"COLQUITT, TIFT",Not Specified,Y,Y,Y
40982024,4098,2024,GA1370400,GA1370400,,N,N,,I,ABRAHAM BALDWIN AGRIC CO,BALDWIN AGRICULTURAL COLL SECURITY DEPT TIFTON,Abraham Baldwin Agricultural College,,A,13,Georgia,GA,GA,5,South Atlantic,3,South,Region III,University or College,0,23363,GAUCR0001,Georgia Bureau of Investigation Georgia Crime Information Center,N,11,7,"Cities under 2,500",7,"Cities under 2,500",N,11,,Y,8,2,10,3,1,4,0,0,2018-01-01,2019-07-01,2019-07-01,2019-11-01,2019-11-01,2019-11-01,N,TIFT,Not Specified,Y,Y,Y
40992024,4099,2024,GA1380000,GA1380000,,N,N,,I,TOOMBS,TOOMBS CO SO LYONS,Toombs,,A,13,Georgia,GA,GA,5,South Atlantic,3,South,Region III,County,12378,23363,GAUCR0001,Georgia Bureau of Investigation Georgia Crime Information Center,N,15,8C,"Non-MSA counties from 10,000 thru 24,999",8,Non-MSA Counties,N,15,,N,,,,,,,,,2018-01-01,2024-01-01,2024-01-01,2024-01-01,2024-01-01,2024-01-01,N,TOOMBS,Not Specified,Y,Y,Y
41012024,4101,2024,GA1380200,GA1380200,,N,N,,I,VIDALIA,VIDALIA PD,Vidalia,,A,13,Georgia,GA,GA,5,South Atlantic,3,South,Region III,City,10724,23363,GAUCR0001,Georgia Bureau of Investigation Georgia Crime Information Center,N,9,5,"Cities from 10,000 thru 24,999",5,"Cities from 10,000 thru 24,999",N,9,,Y,20,6,26,5,10,15,2.3,3.8,2018-01-01,2019-10-01,2019-10-01,2019-11-01,2019-11-01,2019-11-01,N,"MONTGOMERY, TOOMBS",Not Specified,Y,Y,Y
41022024,4102,2024,GA1390000,GA1390000,,N,N,,I,TOWNS,TOWNS CO SO HIAWASSEE,Towns,,A,13,Georgia,GA,GA,5,South Atlantic,3,South,Region III,County,12252,23363,GAUCR0001,Georgia Bureau of Investigation Georgia Crime Information Center,N,15,8C,"Non-MSA counties from 10,000 thru 24,999",8,Non-MSA Counties,N,15,,Y,20,7,27,2,8,10,1.8,3.0,2018-01-01,2019-09-01,2019-09-01,2019-11-01,2019-11-01,2019-11-01,N,TOWNS,Not Specified,Y,Y,Y
41052024,4105,2024,GA139039E,GA1390300,,N,N,,I,YOUNG HARRIS COLLEGE,YOUNG HARRIS COLLEGE DEPT OF PUBLIC SAFETY,Young Harris College,,A,13,Georgia,GA,GA,5,South Atlantic,3,South,Region III,University or College,0,23363,GAUCR0001,Georgia Bureau of Investigation Georgia Crime Information Center,N,11,7,"Cities under 2,500",7,"Cities under 2,500",N,11,,Y,4,0,4,0,0,0,0,0,2018-01-01,2019-10-01,2019-10-01,2020-02-01,2020-02-01,2020-02-01,N,TOWNS,Not Specified,Y,Y,Y
41062024,4106,2024,GA1400000,GA1400000,,N,N,,I,TREUTLEN,TREUTLEN CO SO SOPERTON,Treutlen,,A,13,Georgia,GA,GA,5,South Atlantic,3,South,Region III,County,3443,23363,GAUCR0001,Georgia Bureau of Investigation Georgia Crime Information Center,N,16,8D,"Non-MSA counties under 10,000",8,Non-MSA Counties,N,16,,N,,,,,,,,,2018-01-01,2019-10-01,2019-10-01,2020-02-01,2020-02-01,2020-02-01,N,TREUTLEN,Not Specified,Y,Y,Y
41072024,4107,2024,GA1400100,GA1400100,,N,N,,I,SOPERTON,SOPERTON,Soperton,,A,13,Georgia,GA,GA,5,South Atlantic,3,South,Region III,City,2906,23363,GAUCR0001,Georgia Bureau of Investigation Georgia Crime Information Center,N,10,6,"Cities from 2,500 thru 9,999",6,"Cities from 2,500 thru 9,999",N,10,,Y,5,0,5,0,1,1,1.7,2.1,2018-01-01,2022-01-01,2022-07-01,2022-07-01,2022-07-01,2024-01-01,N,TREUTLEN,Not Specified,Y,Y,Y
41082024,4108,2024,GA1410000,GA1410000,,N,N,,I,TROUP,TROUP CO SO LA GRANGE,Troup,,A,13,Georgia,GA,GA,5,South Atlantic,3,South,Region III,County,32884,23363,GAUCR0001,Georgia Bureau of Investigation Georgia Crime Information Center,N,14,8B,"Non-MSA counties from 25,000 thru 99,999",8,Non-MSA Counties,N,14,,Y,71,35,106,13,32,45,2.6,4.6,2018-01-01,2019-10-01,2021-11-01,2021-11-01,2021-11-01,,N,TROUP,Not Specified,Y,Y,Y
41092024,4109,2024,GA1410100,GA1410100,,N,N,,I,HOGANSVILLE,HOGANSVILLE PD,Hogansville,,A,13,Georgia,GA,GA,5,South Atlantic,3,South,Region III,City,3227,23363,GAUCR0001,Georgia Bureau of Investigation Georgia Crime Information Center,N,10,6,"Cities from 2,500 thru 9,999",6,"Cities from 2,500 thru 9,999",N,10,,Y,17,1,18,2,5,7,5.9,7.7,2018-01-01,2019-11-01,2022-02-01,2022-02-01,2022-02-01,2022-02-01,N,TROUP,Not Specified,Y,Y,Y
41102024,4110,2024,GA1410200,GA1410200,,N,N,,I,LAGRANGE,LA GRANGE PD,LaGrange,,A,13,Georgia,GA,GA,5,South Atlantic,3,South,Region III,City,32833,23363,GAUCR0001,Georgia Bureau of Investigation Georgia Crime Information Center,N,8,4,"Cities from 25,000 thru 49,999",4,"Cities from 25,000 thru 49,999",N,8,,Y,75,6,81,16,15,31,2.8,3.4,2018-01-01,2018-01-01,2018-01-01,2020-09-01,2020-09-01,,N,TROUP,Not Specified,Y,Y,Y
41132024,4113,2024,GA1420000,GA1420000,,N,N,,I,TURNER,TURNER CO SO ASHBURN,Turner,,A,13,Georgia,GA,GA,5,South Atlantic,3,South,Region III,County,4009,23363,GAUCR0001,Georgia Bureau of Investigation Georgia Crime Information Center,N,16,8D,"Non-MSA counties under 10,000",8,Non-MSA Counties,N,16,,Y,21,9,30,3,19,22,6.0,13.0,2018-01-01,2019-12-01,2019-12-01,2021-02-01,2021-02-01,2021-02-01,N,TURNER,Not Specified,Y,Y,Y
41162024,4116,2024,GA1430000,GA1430000,,N,N,,I,TWIGGS,TWIGGS CO SO JEFFERSONVILLE,Twiggs,,A,13,Georgia,GA,GA,5,South Atlantic,3,South,Region III,County,7620,23363,GAUCR0001,Georgia Bureau of Investigation Georgia Crime Information Center,Y,22,9D,"MSA counties under 10,000",9,MSA Counties,N,22,,Y,27,8,35,1,23,24,3.7,7.7,2018-01-01,2019-08-01,2019-08-01,2020-07-01,2019-11-01,2020-05-01,N,TWIGGS,"Macon-Bibb County, GA",Y,Y,Y
41212024,4121,2024,GA1440000,GA1440000,,N,N,,I,UNION,UNION CO SO BLAIRSVILLE,Union,,A,13,Georgia,GA,GA,5,South Atlantic,3,South,Region III,County,27215,23363,GAUCR0001,Georgia Bureau of Investigation Georgia Crime Information Center,N,14,8B,"Non-MSA counties from 25,000 thru 99,999",8,Non-MSA Counties,N,14,,Y,59,19,78,5,12,17,2.4,3.5,2018-01-01,2019-06-01,2019-06-01,2020-11-01,2020-11-01,2020-11-01,N,UNION,Not Specified,Y,Y,Y
41222024,4122,2024,GA1440100,GA1440100,,N,N,,I,BLAIRSVILLE,BLAIRSVILLE PD,Blairsville,,A,13,Georgia,GA,GA,5,South Atlantic,3,South,Region III,City,850,23363,GAUCR0001,Georgia Bureau of Investigation Georgia Crime Information Center,N,11,7,"Cities under 2,500",7,"Cities under 2,500",N,11,,Y,7,0,7,0,1,1,8.2,9.4,2018-01-01,2019-10-01,2019-10-01,2020-02-01,2020-01-01,2025-03-01,N,UNION,Not Specified,Y,Y,Y
41232024,4123,2024,GA1450000,GA1450000,,N,N,,I,UPSON,UPSON CO SO THOMASTON,Upson,,A,13,Georgia,GA,GA,5,South Atlantic,3,South,Region III,County,18668,23363,GAUCR0001,Georgia Bureau of Investigation Georgia Crime Information Center,N,15,8C,"Non-MSA counties from 10,000 thru 24,999",8,Non-MSA Counties,N,15,,Y,38,6,44,4,17,21,2.2,3.5,2018-01-01,2022-10-01,2023-04-01,2023-04-01,2023-12-01,2023-12-01,N,UPSON,Not Specified,Y,Y,Y
41242024,4124,2024,GA1450100,GA1450100,,N,N,,I,THOMASTON,THOMASTON PD,Thomaston,,A,13,Georgia,GA,GA,5,South Atlantic,3,South,Region III,City,9893,23363,GAUCR0001,Georgia Bureau of Investigation Georgia Crime Information Center,N,10,6,"Cities from 2,500 thru 9,999",6,"Cities from 2,500 thru 9,999",N,10,,Y,23,0,23,5,2,7,2.8,3.0,2018-01-01,2019-08-01,2021-05-01,2021-05-01,2021-05-01,2021-05-01,N,UPSON,Not Specified,Y,Y,Y
41282024,4128,2024,GA1460300,GA1460300,,N,N,,I,LOOKOUT MOUNTAIN,LOOKOUT MOUNTAIN PD,Lookout Mountain,,A,13,Georgia,GA,GA,5,South Atlantic,3,South,Region III,City,1680,23363,GAUCR0001,Georgia Bureau of Investigation Georgia Crime Information Center,Y,11,7,"Cities under 2,500",7,"Cities under 2,500",N,11,,Y,8,0,8,0,0,0,4.8,4.8,2018-01-01,2019-10-01,2019-10-01,2021-08-01,2021-08-01,2021-11-01,N,WALKER,"Chattanooga, TN-GA",Y,Y,Y
41292024,4129,2024,GA1460400,GA1460400,,N,N,,I,CHICKAMAUGA,CHICKAMAUGA PD,Chickamauga,,A,13,Georgia,GA,GA,5,South Atlantic,3,South,Region III,City,3106,23363,GAUCR0001,Georgia Bureau of Investigation Georgia Crime Information Center,Y,10,6,"Cities from 2,500 thru 9,999",6,"Cities from 2,500 thru 9,999",N,10,,Y,7,0,7,0,0,0,2.3,2.3,2018-01-01,2020-01-01,2021-05-01,2021-05-01,2021-05-01,2021-05-01,N,WALKER,"Chattanooga, TN-GA",Y,Y,Y
41322024,4132,2024,GA1470000,GA1470000,,N,N,,I,WALTON,WALTON CO SO MONROE,Walton,,A,13,Georgia,GA,GA,5,South Atlantic,3,South,Region III,County,75292,23363,GAUCR0001,Georgia Bureau of Investigation Georgia Crime Information Center,Y,20,9B,"MSA counties from 25,000 thru 99,999",9,MSA Counties,N,20,,Y,141,5,146,28,24,52,2.2,2.6,2018-01-01,2019-08-01,2019-08-01,2020-01-01,2020-01-01,2020-02-01,N,WALTON,"Atlanta-Sandy Springs-Roswell, GA",Y,Y,Y
41332024,4133,2024,GA1470100,GA1470100,,N,N,,I,MONROE,MONROE PD,Monroe,,A,13,Georgia,GA,GA,5,South Atlantic,3,South,Region III,City,16241,23363,GAUCR0001,Georgia Bureau of Investigation Georgia Crime Information Center,Y,9,5,"Cities from 10,000 thru 24,999",5,"Cities from 10,000 thru 24,999",N,9,,Y,51,0,51,8,2,10,3.6,3.8,2018-01-01,2019-02-01,2019-02-01,2019-06-01,2019-06-01,2019-06-01,N,WALTON,"Atlanta-Sandy Springs-Roswell, GA",Y,Y,Y
41342024,4134,2024,GA1470200,GA1470200,,N,N,,I,LOGANVILLE,LOGANVILLE PD,Loganville,,A,13,Georgia,GA,GA,5,South Atlantic,3,South,Region III,City,17366,23363,GAUCR0001,Georgia Bureau of Investigation Georgia Crime Information Center,Y,9,5,"Cities from 10,000 thru 24,999",5,"Cities from 10,000 thru 24,999",N,9,,Y,26,1,27,4,5,9,1.7,2.1,2018-01-01,2019-10-01,2022-02-01,2022-02-01,2022-02-01,2022-02-01,N,"GWINNETT, WALTON","Atlanta-Sandy Springs-Roswell, GA",Y,Y,Y
41352024,4135,2024,GA1470300,GA1470300,,N,N,,I,SOCIAL CIRCLE,SOCIAL CIRCLE POLICE DEPARTMENT,Social Circle,,A,13,Georgia,GA,GA,5,South Atlantic,3,South,Region III,City,5442,23363,GAUCR0001,Georgia Bureau of Investigation Georgia Crime Information Center,Y,10,6,"Cities from 2,500 thru 9,999",6,"Cities from 2,500 thru 9,999",N,10,,Y,12,0,12,3,1,4,2.8,2.9,2018-01-01,2019-04-01,2019-04-01,2020-05-01,2020-05-01,2020-05-01,N,"NEWTON, WALTON","Atlanta-Sandy Springs-Roswell, GA",Y,Y,Y
41372024,4137,2024,GA1480000,GA1480000,,N,N,,I,WARE,WARE CO SO WAYCROSS,Ware,,A,13,Georgia,GA,GA,5,South Atlantic,3,South,Region III,County,22770,23363,GAUCR0001,Georgia Bureau of Investigation Georgia Crime Information Center,N,15,8C,"Non-MSA counties from 10,000 thru 24,999",8,Non-MSA Counties,N,15,,Y,38,24,62,5,38,43,1.9,4.6,2018-01-01,2019-10-01,2019-10-01,2020-01-01,2020-01-01,2020-01-01,N,WARE,Not Specified,Y,Y,Y
41382024,4138,2024,GA1480100,GA1480100,,N,N,,I,WAYCROSS,WAYCROSS PD,Waycross,,A,13,Georgia,GA,GA,5,South Atlantic,3,South,Region III,City,13644,23363,GAUCR0001,Georgia Bureau of Investigation Georgia Crime Information Center,N,9,5,"Cities from 10,000 thru 24,999",5,"Cities from 10,000 thru 24,999",N,9,,Y,42,2,44,7,11,18,3.6,4.5,2018-01-01,2019-06-01,2019-06-01,2020-08-01,2020-05-01,2020-10-01,N,"PIERCE, WARE",Not Specified,Y,Y,Y
41452024,4145,2024,GA1500100,GA1500100,,N,N,,I,SANDERSVILLE,SANDERSVILLE PD,Sandersville,,A,13,Georgia,GA,GA,5,South Atlantic,3,South,Region III,City,5456,23363,GAUCR0001,Georgia Bureau of Investigation Georgia Crime Information Center,N,10,6,"Cities from 2,500 thru 9,999",6,"Cities from 2,500 thru 9,999",N,10,,Y,15,0,15,2,2,4,3.1,3.5,2018-01-01,2019-06-01,2019-06-01,2020-02-01,2020-02-01,2020-02-01,N,WASHINGTON,Not Specified,Y,Y,Y
41472024,4147,2024,GA1500300,GA1500300,,N,N,,I,DAVISBORO,DAVISBORO PD,Davisboro,,A,13,Georgia,GA,GA,5,South Atlantic,3,South,Region III,City,1976,23363,GAUCR0001,Georgia Bureau of Investigation Georgia Crime Information Center,N,11,7,"Cities under 2,500",7,"Cities under 2,500",N,11,,N,,,,,,,,,2018-01-01,2019-10-01,2019-10-01,,,,N,WASHINGTON,Not Specified,Y,Y,Y
41512024,4151,2024,GA1510000,GA1510000,,N,N,,I,WAYNE,WAYNE CO SO JESUP,Wayne,,A,13,Georgia,GA,GA,5,South Atlantic,3,South,Region III,County,20964,23363,GAUCR0001,Georgia Bureau of Investigation Georgia Crime Information Center,N,15,8C,"Non-MSA counties from 10,000 thru 24,999",8,Non-MSA Counties,N,15,,Y,43,17,60,7,23,30,2.4,4.3,2018-01-01,2019-10-01,2022-09-01,2022-09-01,2022-09-01,2022-09-01,N,WAYNE,Not Specified,Y,Y,Y
41552024,4155,2024,GA1520000,GA1520000,,N,N,,I,WEBSTER,WEBSTER CO SO PRESTON,Webster,,A,13,Georgia,GA,GA,5,South Atlantic,3,South,Region III,County,2342,23363,GAUCR0001,Georgia Bureau of Investigation Georgia Crime Information Center,N,16,8D,"Non-MSA counties under 10,000",8,Non-MSA Counties,N,16,,Y,5,0,5,1,0,1,2.6,2.6,2018-01-01,2019-07-01,2019-07-01,,,,N,WEBSTER,Not Specified,Y,Y,Y
41572024,4157,2024,GA1530000,GA1530000,,N,N,,I,WHEELER,WHEELER CO SO ALAMO,Wheeler,,A,13,Georgia,GA,GA,5,South Atlantic,3,South,Region III,County,4280,23363,GAUCR0001,Georgia Bureau of Investigation Georgia Crime Information Center,N,16,8D,"Non-MSA counties under 10,000",8,Non-MSA Counties,N,16,,N,,,,,,,,,2018-01-01,2019-11-01,2022-02-01,2022-02-01,2022-02-01,2022-02-01,N,WHEELER,Not Specified,Y,Y,Y
41582024,4158,2024,GA1530100,GA1530100,,N,N,,I,ALAMO,ALAMO PD,Alamo,,A,13,Georgia,GA,GA,5,South Atlantic,3,South,Region III,City,2718,23363,GAUCR0001,Georgia Bureau of Investigation Georgia Crime Information Center,N,10,6,"Cities from 2,500 thru 9,999",6,"Cities from 2,500 thru 9,999",N,10,,N,,,,,,,,,2018-01-01,2019-07-01,2019-07-01,2019-12-01,2019-12-01,2019-12-01,N,WHEELER,Not Specified,Y,Y,Y
41602024,4160,2024,GA1540000,GA1540000,,N,N,,I,WHITE,WHITE CO SO CLEVELAND,White,,A,13,Georgia,GA,GA,5,South Atlantic,3,South,Region III,County,25296,23363,GAUCR0001,Georgia Bureau of Investigation Georgia Crime Information Center,N,14,8B,"Non-MSA counties from 25,000 thru 99,999",8,Non-MSA Counties,N,14,,Y,42,20,62,7,14,21,1.9,3.3,2018-01-01,2018-01-01,2018-01-01,2019-08-01,2019-08-01,2019-08-01,N,WHITE,Not Specified,Y,Y,Y
41612024,4161,2024,GA1540100,GA1540100,,N,N,,I,CLEVELAND,CLEVELAND PD,Cleveland,,A,13,Georgia,GA,GA,5,South Atlantic,3,South,Region III,City,3546,23363,GAUCR0001,Georgia Bureau of Investigation Georgia Crime Information Center,N,10,6,"Cities from 2,500 thru 9,999",6,"Cities from 2,500 thru 9,999",N,10,,Y,14,0,14,2,1,3,4.5,4.8,2018-01-01,2019-09-01,2019-09-01,2019-10-01,2019-10-01,2019-10-01,N,WHITE,Not Specified,Y,Y,Y
41622024,4162,2024,GA1540200,GA1540200,,N,N,,I,HELEN,HELEN PD,Helen,,A,13,Georgia,GA,GA,5,South Atlantic,3,South,Region III,City,623,23363,GAUCR0001,Georgia Bureau of Investigation Georgia Crime Information Center,N,11,7,"Cities under 2,500",7,"Cities under 2,500",N,11,,Y,7,1,8,4,1,5,17.7,20.9,2018-01-01,2019-10-01,2019-10-01,2020-03-01,2020-03-01,2020-03-01,N,WHITE,Not Specified,Y,Y,Y
41632024,4163,2024,GA1550000,GA1550000,,N,N,,I,WHITFIELD,WHITFIELD CO SO DALTON,Whitfield,,A,13,Georgia,GA,GA,5,South Atlantic,3,South,Region III,County,65865,23363,GAUCR0001,Georgia Bureau of Investigation Georgia Crime Information Center,Y,20,9B,"MSA counties from 25,000 thru 99,999",9,MSA Counties,N,20,,N,,,,,,,,,2018-01-01,2019-06-01,2019-06-01,2020-02-01,2020-02-01,2020-02-01,N,WHITFIELD,"Dalton, GA",Y,Y,Y
41642024,4164,2024,GA1550100,GA1550100,,N,N,,I,DALTON,DALTON PD,Dalton,,A,13,Georgia,GA,GA,5,South Atlantic,3,South,Region III,City,34537,23363,GAUCR0001,Georgia Bureau of Investigation Georgia Crime Information Center,N,8,4,"Cities from 25,000 thru 49,999",4,"Cities from 25,000 thru 49,999",N,8,,Y,74,1,75,6,10,16,2.3,2.6,2018-01-01,2020-11-01,2020-11-01,2020-12-01,2020-12-01,2020-12-01,N,WHITFIELD,"Dalton, GA",Y,Y,Y
41652024,4165,2024,GA1550200,GA1550200,,N,N,,I,TUNNEL HILL,TUNNEL HILL PD,Tunnel Hill,,A,13,Georgia,GA,GA,5,South Atlantic,3,South,Region III,City,982,23363,GAUCR0001,Georgia Bureau of Investigation Georgia Crime Information Center,Y,11,7,"Cities under 2,500",7,"Cities under 2,500",N,11,,N,0,0,0,0,0,0,0.0,0.0,2018-01-01,2020-02-01,2020-02-01,2022-01-01,2022-01-01,2022-01-01,N,WHITFIELD,"Dalton, GA",Y,Y,Y
41672024,4167,2024,GA1550500,GA1550500,,N,N,,I,DALTON STATE COLLEGE,DALTON COLLEGE SECURITY POLICE DALTON,Dalton State College,,A,13,Georgia,GA,GA,5,South Atlantic,3,South,Region III,University or College,0,23363,GAUCR0001,Georgia Bureau of Investigation Georgia Crime Information Center,Y,11,7,"Cities under 2,500",7,"Cities under 2,500",N,11,,Y,6,0,6,3,3,6,0,0,2018-01-01,2020-02-01,2020-02-01,,2021-07-01,2021-07-01,N,WHITFIELD,"Dalton, GA",Y,Y,Y
41702024,4170,2024,GA1560000,GA1560000,,N,N,,I,WILCOX,WILCOX CO SO ABBEVILLE,Wilcox,,A,13,Georgia,GA,GA,5,South Atlantic,3,South,Region III,County,4349,23363,GAUCR0001,Georgia Bureau of Investigation Georgia Crime Information Center,N,16,8D,"Non-MSA counties under 10,000",8,Non-MSA Counties,N,16,,Y,13,2,15,1,4,5,3.2,4.6,2018-01-01,2019-10-01,2019-10-01,2019-12-01,2019-12-01,2019-12-01,N,WILCOX,Not Specified,Y,Y,Y
41712024,4171,2024,GA1560100,GA1560100,,N,N,,I,ABBEVILLE,ABBEVILLE PD,Abbeville,,A,13,Georgia,GA,GA,5,South Atlantic,3,South,Region III,City,2881,23363,GAUCR0001,Georgia Bureau of Investigation Georgia Crime Information Center,N,10,6,"Cities from 2,500 thru 9,999",6,"Cities from 2,500 thru 9,999",N,10,,Y,6,0,6,1,1,2,2.4,2.8,2018-01-01,2018-12-01,2018-12-01,2019-06-01,2019-06-01,2019-06-01,N,WILCOX,Not Specified,Y,Y,Y
41742024,4174,2024,GA1570000,GA1570000,,N,N,,I,WILKES,WILKES CO SO WASHINGTON,Wilkes,,A,13,Georgia,GA,GA,5,South Atlantic,3,South,Region III,County,9548,23363,GAUCR0001,Georgia Bureau of Investigation Georgia Crime Information Center,N,16,8D,"Non-MSA counties under 10,000",8,Non-MSA Counties,N,16,,Y,26,0,26,3,2,5,3.0,3.2,2018-01-01,2019-10-01,2019-10-01,2019-11-01,2019-11-01,2019-12-01,N,WILKES,Not Specified,Y,Y,Y
41842024,4184,2024,GA1590000,GA1590000,,N,N,,I,WORTH,WORTH CO SO SYLVESTER,Worth,,A,13,Georgia,GA,GA,5,South Atlantic,3,South,Region III,County,13623,23363,GAUCR0001,Georgia Bureau of Investigation Georgia Crime Information Center,Y,21,9C,"MSA counties from 10,000 thru 24,999",9,MSA Counties,N,21,,Y,21,4,25,6,5,11,2.0,2.6,2018-01-01,2019-10-01,2019-10-01,2019-11-01,2019-11-01,2019-11-01,N,WORTH,"Albany, GA",Y,Y,Y
41852024,4185,2024,GA1590100,GA1590100,,N,N,,I,SYLVESTER,SYLVESTER PD,Sylvester,,A,13,Georgia,GA,GA,5,South Atlantic,3,South,Region III,City,5379,23363,GAUCR0001,Georgia Bureau of Investigation Georgia Crime Information Center,Y,10,6,"Cities from 2,500 thru 9,999",6,"Cities from 2,500 thru 9,999",N,10,,Y,16,0,16,1,3,4,3.2,3.7,2018-01-01,2019-09-01,2019-09-01,2020-10-01,2020-10-01,2020-10-01,N,WORTH,"Albany, GA",Y,Y,Y
41872024,4187,2024,GA1590300,GA1590300,,N,N,,I,WARWICK,WARWICK PD,Warwick,,A,13,Georgia,GA,GA,5,South Atlantic,3,South,Region III,City,489,23363,GAUCR0001,Georgia Bureau of Investigation Georgia Crime Information Center,Y,11,7,"Cities under 2,500",7,"Cities under 2,500",N,11,,Y,1,0,1,1,2,3,4.1,8.2,2018-01-01,2019-03-01,2021-04-01,2021-04-01,2021-04-01,2021-04-01,N,WORTH,"Albany, GA",Y,Y,Y
41892024,4189,2024,GAAPD0000,GAAPD0000,,N,N,,I,ATLANTA,ATLANTA POLICE DEPARTMENT,Atlanta,,A,13,Georgia,GA,GA,5,South Atlantic,3,South,Region III,City,517123,23363,GAUCR0001,Georgia Bureau of Investigation Georgia Crime Information Center,N,4,1B,"Cities from 500,000 thru 999,999",1,"All cities 250,000 or over",Y,4,,Y,1284,115,1399,339,414,753,3.1,4.2,2018-01-01,2020-10-01,2020-10-01,2021-02-01,2021-02-01,2021-02-01,N,"DEKALB, FULTON","Atlanta-Sandy Springs-Roswell, GA",Y,Y,Y
231722024,23172,2024,GA0430900,GA0430900,,N,N,,I,SOUTHERN  REGIONAL TECHICAL COLLEGE,BAINBRIDGE COLLEGE,Southern Regional Technical College,,A,13,Georgia,GA,GA,5,South Atlantic,3,South,Region III,University or College,0,23363,GAUCR0001,Georgia Bureau of Investigation Georgia Crime Information Center,N,11,7,"Cities under 2,500",7,"Cities under 2,500",N,11,,Y,4,1,5,1,1,2,0,0,2018-01-01,2019-05-01,2019-05-01,,2025-03-01,2025-03-01,N,DECATUR,Not Specified,Y,Y,Y
233032024,23303,2024,GA0671800,GA0671800,,N,N,,I,GWINNETT TECHNICAL COL,GWINNETT TECHNICAL COL,Gwinnett Technical College,,A,13,Georgia,GA,GA,5,South Atlantic,3,South,Region III,University or College,0,23363,GAUCR0001,Georgia Bureau of Investigation Georgia Crime Information Center,Y,11,7,"Cities under 2,500",7,"Cities under 2,500",N,11,,Y,5,0,5,1,2,3,0,0,2018-01-01,2019-10-01,2019-10-01,,,,N,GWINNETT,"Atlanta-Sandy Springs-Roswell, GA",Y,Y,Y
233082024,23308,2024,GA1212100,GA1212100,,N,N,,I,AUGUSTA TECHNICAL COLLEG,AUGUSTA TECHNICAL COLLEG,Augusta Technical College,,A,13,Georgia,GA,GA,5,South Atlantic,3,South,Region III,University or College,0,23363,GAUCR0001,Georgia Bureau of Investigation Georgia Crime Information Center,Y,11,7,"Cities under 2,500",7,"Cities under 2,500",N,11,,Y,2,1,3,2,1,3,0,0,2018-01-01,2019-12-01,2019-12-01,2020-10-01,2020-10-01,2021-08-01,N,RICHMOND,"Augusta-Richmond County, GA-SC",Y,Y,Y
235012024,23501,2024,GA0447200,GA0447200,,N,N,,I,BROOKHAVEN,BROOKHAVEN,Brookhaven,,A,13,Georgia,GA,GA,5,South Atlantic,3,South,Region III,City,58329,23363,GAUCR0001,Georgia Bureau of Investigation Georgia Crime Information Center,N,7,3,"Cities from 50,000 thru 99,999",3,"Cities from 50,000 thru 99,999",N,7,,Y,77,2,79,16,14,30,1.6,1.9,2018-01-01,2019-10-01,2019-10-01,2020-02-01,2020-02-01,2020-02-01,N,DEKALB,"Atlanta-Sandy Springs-Roswell, GA",Y,Y,Y
253242024,25324,2024,GA0081000,GA0081000,,N,N,,I,CHATTAHOOCHEE TECH COLLE,,Chattahoochee Technical College,,A,13,Georgia,GA,GA,5,South Atlantic,3,South,Region III,University or College,0,23363,GAUCR0001,Georgia Bureau of Investigation Georgia Crime Information Center,Y,11,7,"Cities under 2,500",7,"Cities under 2,500",N,11,,Y,8,0,8,3,1,4,0,0,2018-01-01,2019-10-01,2019-10-01,2023-09-01,2023-09-01,2023-09-01,N,BARTOW,"Atlanta-Sandy Springs-Roswell, GA",Y,Y,Y
258472024,25847,2024,GA0252400,GA0252400,,N,N,,I,SAVANNAH TECHNICAL COLL,,Savannah Technical College,,A,13,Georgia,GA,GA,5,South Atlantic,3,South,Region III,University or College,0,23363,GAUCR0001,Georgia Bureau of Investigation Georgia Crime Information Center,Y,11,7,"Cities under 2,500",7,"Cities under 2,500",N,11,,Y,11,2,13,0,0,0,0,0,2018-01-01,2019-01-01,2019-01-01,2020-02-01,2020-02-01,2025-04-01,N,CHATHAM,"Savannah, GA",Y,Y,Y
265512024,26551,2024,GA0530700,GA0530700,,N,N,,I,EAST GEORGIA STATE COLLEGE,,East Georgia State College,,A,13,Georgia,GA,GA,5,South Atlantic,3,South,Region III,University or College,0,23363,GAUCR0001,Georgia Bureau of Investigation Georgia Crime Information Center,N,11,7,"Cities under 2,500",7,"Cities under 2,500",N,11,,Y,4,1,5,0,2,2,0,0,2018-01-01,2024-08-01,2024-08-01,2024-08-01,2024-08-01,2024-08-01,N,EMANUEL,Not Specified,Y,Y,Y
265522024,26552,2024,GA0290900,GA0290900,,N,N,,I,ATHENS TECHNICAL COLLEGE,,Athens Technical College,,A,13,Georgia,GA,GA,5,South Atlantic,3,South,Region III,University or College,0,23363,GAUCR0001,Georgia Bureau of Investigation Georgia Crime Information Center,Y,11,7,"Cities under 2,500",7,"Cities under 2,500",N,11,,Y,2,0,2,0,1,1,0,0,2018-01-01,2019-01-01,2019-01-01,,,,N,CLARKE,"Athens-Clarke County, GA",Y,Y,Y
272082024,27208,2024,GA0471100,GA0471100,,N,N,,I,ALBANY TECHNICAL COLLEGE,,Albany Technical College,,A,13,Georgia,GA,GA,5,South Atlantic,3,South,Region III,University or College,0,23363,GAUCR0001,Georgia Bureau of Investigation Georgia Crime Information Center,Y,11,7,"Cities under 2,500",7,"Cities under 2,500",N,11,,Y,1,0,1,2,0,2,0,0,2018-01-01,2019-10-01,2019-10-01,2019-11-01,2019-11-01,2019-11-01,N,DOUGHERTY,"Albany, GA",Y,Y,Y
280142024,28014,2024,GA0370400,GA0370400,,N,N,,I,CECIL,,Cecil,,A,13,Georgia,GA,GA,5,South Atlantic,3,South,Region III,City,281,23363,GAUCR0001,Georgia Bureau of Investigation Georgia Crime Information Center,N,11,7,"Cities under 2,500",7,"Cities under 2,500",N,11,,Y,1,0,1,0,1,1,3.6,7.1,2018-01-01,2019-10-01,2019-10-01,2020-07-01,2020-07-01,,N,COOK,Not Specified,Y,Y,Y
282342024,28234,2024,GA0607200,GA0607200,,N,N,,I,SOUTH FULTON,,South Fulton,,A,13,Georgia,GA,GA,5,South Atlantic,3,South,Region III,City,112441,23363,GAUCR0001,Georgia Bureau of Investigation Georgia Crime Information Center,N,6,2,"Cities from 100,000 thru 249,999",2,"Cities from 100,000 thru 249,999",Y,6,,Y,145,3,148,61,33,94,1.8,2.2,2018-01-01,2019-08-01,2019-08-01,2020-03-01,2020-03-01,2020-03-01,N,FULTON,"Atlanta-Sandy Springs-Roswell, GA",Y,Y,Y
292942024,29294,2024,GA0609900,GA0609900,,N,N,,I,ATLANTA TECHNICAL COLLEGE,,Atlanta Technical College,,A,13,Georgia,GA,GA,5,South Atlantic,3,South,Region III,University or College,0,23363,GAUCR0001,Georgia Bureau of Investigation Georgia Crime Information Center,Y,11,7,"Cities under 2,500",7,"Cities under 2,500",N,11,,Y,1,1,2,1,1,2,0,0,2018-01-01,2019-02-01,2019-02-01,2019-11-01,2019-11-01,2019-11-01,N,FULTON,"Atlanta-Sandy Springs-Roswell, GA",Y,Y,Y
305142024,30514,2024,GA1100300,GA1100300,,N,N,,I,PAULDING COUNTY MARSHAL,,Paulding County Marshal,,A,13,Georgia,GA,GA,5,South Atlantic,3,South,Region III,Other,0,23363,GAUCR0001,Georgia Bureau of Investigation Georgia Crime Information Center,Y,22,9D,"MSA counties under 10,000",9,MSA Counties,N,22,,N,,,,,,,0,0,2018-01-01,2020-02-01,2020-02-01,,,,N,PAULDING,"Atlanta-Sandy Springs-Roswell, GA",Y,Y,Y
319962024,31996,2024,GA1061900,GA1061900,,N,N,,I,MUSCOGEE COUNTY SCHOOLS,,Muscogee County Schools,,A,13,Georgia,GA,GA,5,South Atlantic,3,South,Region III,Other,0,23363,GAUCR0001,Georgia Bureau of Investigation Georgia Crime Information Center,Y,22,9D,"MSA counties under 10,000",9,MSA Counties,N,22,,Y,18,2,20,8,5,13,0,0,2018-01-01,2019-10-01,2019-10-01,2020-11-01,2020-11-01,2020-11-01,N,MUSCOGEE,"Columbus, GA-AL",Y,Y,Y
333882024,33388,2024,GA0650500,GA0650500,,N,N,,I,GRADY COUNTY SCHOOLS,,Grady County Schools,,A,13,Georgia,GA,GA,5,South Atlantic,3,South,Region III,Other,0,23363,GAUCR0001,Georgia Bureau of Investigation Georgia Crime Information Center,N,16,8D,"Non-MSA counties under 10,000",8,Non-MSA Counties,N,16,,Y,6,0,6,1,0,1,0,0,2018-01-01,2021-01-01,2021-01-01,2021-09-01,2021-09-01,2021-09-01,N,GRADY,Not Specified,Y,Y,Y
333902024,33390,2024,GA0571400,GA0571400,,N,N,,I,GEORGIA NORTHWESTERN TECHNICAL COLLEGE,,Georgia Northwestern Technical College,,A,13,Georgia,GA,GA,5,South Atlantic,3,South,Region III,University or College,0,23363,GAUCR0001,Georgia Bureau of Investigation Georgia Crime Information Center,Y,11,7,"Cities under 2,500",7,"Cities under 2,500",N,11,,Y,7,0,7,2,1,3,0,0,2018-01-01,2021-01-01,2021-01-01,2021-08-01,2021-08-01,2021-08-01,N,FLOYD,"Rome, GA",Y,Y,Y
334082024,33408,2024,GA0081100,GA0081100,,N,N,,I,GEORGIA HIGHLANDS COLLEGE,,Georgia Highlands College,,A,13,Georgia,GA,GA,5,South Atlantic,3,South,Region III,University or College,0,23363,GAUCR0001,Georgia Bureau of Investigation Georgia Crime Information Center,Y,11,7,"Cities under 2,500",7,"Cities under 2,500",N,11,,Y,4,0,4,0,0,0,0,0,2018-01-01,2020-01-01,2020-01-01,2020-01-01,2020-01-01,2020-01-01,N,BARTOW,"Atlanta-Sandy Springs-Roswell, GA",Y,Y,Y
334822024,33482,2024,GA0445400,GA0445400,,N,N,,I,GEORGIA PIEDMONT TECHNICAL COLLEGE,,Georgia Piedmont Technical College,,A,13,Georgia,GA,GA,5,South Atlantic,3,South,Region III,University or College,0,23363,GAUCR0001,Georgia Bureau of Investigation Georgia Crime Information Center,Y,11,7,"Cities under 2,500",7,"Cities under 2,500",N,11,,Y,9,0,9,0,1,1,0,0,2018-01-01,2021-01-01,2021-01-01,2021-10-01,2021-10-01,2022-08-01,N,DEKALB,"Atlanta-Sandy Springs-Roswell, GA",Y,Y,Y
347002024,34700,2024,GA0252700,GA0252700,,N,N,,I,SAVANNAH AIRPORT,,Savannah Airport ,,A,13,Georgia,GA,GA,5,South Atlantic,3,South,Region III,Other,0,23363,GAUCR0001,Georgia Bureau of Investigation Georgia Crime Information Center,Y,11,7,"Cities under 2,500",7,"Cities under 2,500",N,11,,N,,,,,,,0,0,2018-01-01,2022-08-01,2022-12-01,2022-12-01,2022-12-01,2022-12-01,N,CHATHAM,"Savannah, GA",Y,Y,Y
358882024,35888,2024,GA0480600,GA0480600,,N,N,,I,DOUGLAS COUNTY SCHOOLS,,Douglas County Schools,,A,13,Georgia,GA,GA,5,South Atlantic,3,South,Region III,Other,0,23363,GAUCR0001,Georgia Bureau of Investigation Georgia Crime Information Center,Y,22,9D,"MSA counties under 10,000",9,MSA Counties,N,22,,Y,26,1,27,6,1,7,0,0,2018-01-01,2023-03-01,,,,,N,DOUGLAS,"Atlanta-Sandy Springs-Roswell, GA",Y,Y,Y
374802024,37480,2024,GA0340800,GA0340800,,N,N,,I,COFFEE COUNTY BOARD OF EDUCATION,,Coffee County Board of Education,,A,13,Georgia,GA,GA,5,South Atlantic,3,South,Region III,Other,0,23363,GAUCR0001,Georgia Bureau of Investigation Georgia Crime Information Center,N,16,8D,"Non-MSA counties under 10,000",8,Non-MSA Counties,N,16,,Y,8,0,8,4,0,4,0,0,2018-01-01,2023-01-01,2023-01-01,2023-01-01,2023-10-01,2023-10-01,N,COFFEE,Not Specified,Y,Y,Y
